Similarity Score,Original Sentence (Keep),Duplicate Sentence (Remove)
0.8767,ask ko lang po bakit naiwan sa ulan yung parcel ko kaya tuloy wasak yung box,ang tanong ko po is bakit pinabayaan sa ulan yung order ko kaya tuloy sira yung box
0.8770,sobrang disappointed ako kasi karton lang yung laman nung balot nung binuksan ko,sobrang disappointed ako kasi durog yung salamin nung inopen ko yung box
0.8715,ask ko lang po if bakit walang laman yung parcel ko na nadeliver kanina,pakisagot naman po kung bakit walang laman yung parcel ko pag dating dito
0.8940,scam yata yung flash sale niyo kasi nung checkout ko biglang nagbago yung price,scam yung flash sale niyo kasi pag dating sa checkout biglang naging original price ulit
0.8892,hindi ako makapaniwala na nakuha ko agad yung item wala pang 24 hours nadeliver na,hindi ko inexpect na matatanggap ko agad yung parcel within 24 hours
0.9296,bilis nadeliver nung parcel parang express delivery talaga yung nangyari sa order ko,mabilis talaga nadeliver parang express shipping yung nangyari sa order ko
0.8659,bilis talaga nung process ship out agad ni seller kaya nakuha ko na agad today,mabilis na ship out ni seller kaya nareceive ko agad ngayon
0.8538,maraming salamat seller at rider sa sobrang bilis na delivery nung parcel ko,salamat seller at sa rider dahil naingatan ang item ko nadeliver ng maayos
0.8875,maraming salamat seller at rider sa sobrang bilis na delivery nung parcel ko,thank you seller at sa rider dahil naingatan ang parcel ko kanina
0.8529,maraming salamat seller at rider sa sobrang bilis na delivery nung parcel ko,mabilis dumating yung parcel thanks rider at seller
0.8560,maraming salamat seller at rider sa sobrang bilis na delivery nung parcel ko,dumating na yung order ko salamat rider at seller sa mabilis na delivery service
0.8933,grabe yung gulo sa loob nung parcel kasi basag lahat nung eyeshadow powder,sobrang dumi nung parcel kasi sabog na yung powder nung eyeshadow sa loob
0.8599,worry ako nung una tas totoo nga na basag yung makeup pag dating dito,worry ako nung una tas totoo nga na yupi yung mga lata nung nakuha ko kanina
0.8527,worry ako nung una tas totoo nga na basag yung makeup pag dating dito,worry ako nung una tas totoo nga na sira yung ilaw nung nakuha ko kanina
0.8585,wag masyadong mataas expectation kasi sakto lang yung material sa price nya,sakto lang sa presyo wag mag expect ng sobrang high quality na item
0.8607,nakuha ko na yung parcel ko at napaka secured nung mga kape walang tapon,nakuha ko ang parcel na walang kulang at napaka secured ng packaging
0.9817,bilis ng ship out kahapon ko lang inorder nakuha ko na agad kanina ang aga dumating,bilis ng ship out kahapon ko lang inorder nakuha ko na agad ngayon ang aga
0.9142,salamat sa mabilis na delivery as in nadeliver agad yung parcel bago pa maubusan,salamat sa mabilis na delivery as in nadeliver agad yung parcel bago mag school
0.8727,satisfied buyer here kasi nakuha ko ng maayos yung parcel at walang damage,satisfied buyer here kasi nakuha ko ng maayos yung parcel at swabe yung pindutan
0.9494,satisfied buyer here kasi nakuha ko ng maayos yung parcel at walang damage,satisfied buyer here kasi nakuha ko ng maayos yung parcel at walang kahit anong gasgas
0.9105,bilis talaga nadeliver nung parcel parang kidlat lang nadeliver na agad today,bilis talaga nadeliver nung parcel parang kidlat lang dumating agad today yung mouse
0.9114,hi seller paki check naman yung stock niyo kasi parang fake na yung nakuha ko ngayon,hi seller paki check naman yung stock niyo kasi parang fake yung ilaw neto
0.8539,hi seller paki check naman yung stock niyo kasi parang fake na yung nakuha ko ngayon,hi seller paki check naman yung stock niyo kasi parang luma na yung mga folders
0.8530,hi ask ko lang ilang days mapapalitan tong wrong size na nadeliver niyo kanina,hi ask ko lang ilang days mapapalitan tong sira ang rgb na nadeliver niyo
0.8580,paki report yung seller kasi ayaw makipag usap tungkol sa maling size na pinadala,paki report yung seller kasi ayaw makipag usap tungkol sa sirang items nadeliver
0.8783,pwede na to sa presyo nya kaysa bumili ng original na mahal halos parehas lang naman,pwede na to sa presyo nya kaysa bumili ng original na mahal ang paper quality
0.9412,medyo manipis sya kesa sa dati kong ginagamit pero pwede na rin pagtiyagaan,medyo maikli sya kesa sa dati kong ginagamit pero pwede na rin pagtiyagaan
0.8519,medyo manipis sya kesa sa dati kong ginagamit pero pwede na rin pagtiyagaan,medyo manipis sya kesa sa dati kong ginagamit pero pwd na rin s price nya
0.9726,bakit walang kulay tong order ko paki double check naman next time sa testing,bakit walang tinta tong order ko paki double check naman next time sa testing
0.8857,paki report yung seller kasi ayaw makipag usap tungkol sa sirang rgb nung item,paki report yung seller kasi ayaw makipag usap tungkol sa sirang items nadeliver
0.8575,okay naman sya para sa presyo nya pero sobrang iksi lang talaga nung wire,okay naman sya para sa presyo nya pero manipis lang talaga yung pages neto
0.9078,sobrang lala nung damage nung box pati yung mga papel sa loob nayupi na rin,sobrang lala nung damage nung box pati yung paso sa loob nadurog na rin
0.8518,thank thank seller bilis nadeliver nung code as in pagbayad ko may notification na agad,thank thank seller kasi pumasok na agad yung subscription code na inorder ko
0.8764,highly recommended tong shop na to kasi napaka bilis mag send nung load,highly recommended tong shop na to kasi ang bilis mag ship out kahit sale nung inorder ko
0.8693,highly recommended tong shop na to kasi napaka bilis mag send nung load,highly recommended tong shop na to ang bilis mag ship out ng order ko
0.8534,bakit used na agad yung code nung niredeem ko paki check naman yung binigay niyo,bakit po used na ang nakalagay paki palitan naman tong code na nakuha ko
0.9873,paki report yung courier kasi hindi man lang iningatan yung parcel wasak yung paso,paki report nmn yung courier dahil hindi man lang iningatan yung parcel wasak
0.9082,paki report yung courier kasi hindi man lang iningatan yung parcel wasak yung paso,paki report nmn yung courier dahil hindi man lang iningatan yung mga bote wasak tuloy
0.9047,thank thank seller gustong gusto ng mga alaga ko yung dog food niyo ubos agad,thank thank seller gustong gusto ng aso ko yung bagong dog food na to
0.8862,ordered complete and fast on delivery nagustuhan nung pet ko yung flavor salamat,ordered complete and fast on delivery nag-enjoy si doggie sa lasa salamat
0.8668,salamat seller kasi mabilis na ship out kailangan na talaga nung mga furbaby ko,thanks seller sa mabilis na ship out nakuha ko agad yung parcel
0.8668,salamat seller kasi mabilis na ship out kailangan na talaga nung mga furbaby ko,thanks seller sa mabilis na ship out nakuha ko agad yung parcel
0.8685,salamat seller kasi mabilis na ship out kailangan na talaga nung mga furbaby ko,thank you seller sa mabilis na ship out nakuha ko agad
0.8586,salamat seller kasi mabilis na ship out kailangan na talaga nung mga furbaby ko,salamat po seller sa mabilis na ship out nakuha ko agad order ko
0.8685,salamat seller kasi mabilis na ship out kailangan na talaga nung mga furbaby ko,thank you seller sa mabilis na ship out nakuha ko agad
0.8562,salamat seller kasi mabilis na ship out kailangan na talaga nung mga furbaby ko,thank you seller sa mabilis na ship out nakuha ko agad order ko
0.8739,salamat seller kasi mabilis na ship out kailangan na talaga nung mga furbaby ko,salamat po seller sa mabilis na ship out nakuha ko agad
0.8586,salamat seller kasi mabilis na ship out kailangan na talaga nung mga furbaby ko,salamat po seller sa mabilis na ship out nakuha ko agad order ko
0.8702,salamat seller kasi mabilis na ship out kailangan na talaga nung mga furbaby ko,thank you seller sa mabilis na ship out sakto sa paggawa ko
0.8627,pakisagot po if ganito ba talaga ka-tapang yung amoy nung kibble niyo nakakahilo,pakisagot po if ganito ba talaga ka-tapang yung amoy nung rubber nung mat niyo
0.9308,pakisagot po if ganito ba talaga ka-tapang yung amoy nung kibble niyo nakakahilo,pakisagot nmn po if ganito ba talaga ka-tapang yung lasa neto nakakahilo
0.9545,scam yung high quality na description kasi amoy mumurahing sawdust lang yung laman,scam yung high quality na description kasi amoy mumurahing goma lang yung material
0.9035,salamat lazada at kay kuyang delivery kasi mabilis nadeliver kahit mabigat yung parcel,thank you lazada at kay kuyang delivery selyadong selyado yung parcel nung dumating sakin
0.8690,ang tanong ko lang is bakit ganito ka-tapang yung amoy nung rubber nadeliver niyo,ang tanong ko lang is bakit amoy luma na goma na may kemikal tong mattress niyo
0.8825,disappointed ako kasi sa picture malaki tignan pero sa personal sobrang liit,disappointed ako kasi sa picture mukhang mataba pero sa personal parang papel lang yung kapal
0.9091,nakuha ko na yung parcel at sobrang secured nung pagkakabalot ni seller,nakuha ko na yung parcel at safe na safe ang packaging ni seller
0.8882,nakuha ko na yung parcel at sobrang secured nung pagkakabalot ni seller,received na ang parcel at napaka secured ng packaging ni seller
0.8784,nakuha ko na yung parcel at sobrang secured nung pagkakabalot ni seller,received ko na yung parcel at maayos naman ang pagkaka pack ni seller
0.8517,next time bibili ako nung ibang colors para laging bago yung porma nya,will buy again ibang kulay naman para may kapalitan ako pag nadumihan
0.8509,mabilis nadeliver yung parcel at ang cute nung pagkaka print nung pattern,mabilis nadeliver yung parcel at ang ganda nung kinalabasan nung linis
0.8942,ang tanong ko lang is bakit hindi man lang selyado yung valve kaya laging may leak,ang tanong ko lang is bakit hindi man lang selyado yung dulo kaya laging may leak yung hose
0.8582,bibili ako sa susunod kasi ang daling ikabit tas hindi sya bumibitaw sa wall,bibili ako sa susunod kasi ang gaan dalhin pero matibay pag nakabit na sa wall
0.8625,thank thank seller sobrang bright nung white light neto nakaka gising ng diwa,thank thank seller dahil napaka-bright neto saktong sakto pang-vlog sa gabi
0.8873,thank thank seller ang ganda nung bedsheet napaka lambot sa balat sarap matulog,thank thank seller ang ganda nung towel sobrang absorbent nya tuyo agad ang balat
0.8647,ordered complete and fast on delivery cotton na cotton yung fabric worth it ang pagbili,ordered complete and fast on delivery ang ganda nung bagsak nung tela worth it ang pambili
0.8682,ordered complete and fast on delivery cotton na cotton yung fabric worth it ang pagbili,ordered complete and fast on delivery bilis makatuyo nung tela worth it ang pagbili
0.8663,nakuha ko na yung order ko at sobrang satisfied buyer here dahil sa lambot nung material,nakuha ko na yung order ko at sobrang satisfied buyer here dahil sa bilis nung net
0.9041,nakuha ko na yung order ko at sobrang satisfied buyer here dahil sa lambot nung material,nakuha ko na yung order ko at sobrang satisfied buyer here dahil sa tibay neto
0.8500,nakuha ko na yung order ko at sobrang satisfied buyer here dahil sa lambot nung material,nakuha ko na yung parcel at sobrang satisfied buyer here dahil sa lambot nung cotton
0.8888,nakuha ko na yung order ko at sobrang satisfied buyer here dahil sa lambot nung material,order nakuha ko na at satisfied buyer here sa quality nung material
0.8805,hi seller ask ko lang bakit ganito kanipis to wala man lang support sa leeg pag higa,hi seller ask ko lang bakit hindi selyado yung dulo kaya laging may tagas
0.8520,hi seller ask ko lang bakit ganito kanipis to wala man lang support sa leeg pag higa,hi seller ask ko lang bakit hindi selyado yung dulo kaya laging may leak
0.8554,disappointing yung quality neto kasi isang gamit ko pa lang pango na agad yung unan,disappointing yung quality neto kasi nung tinesting ko pa lang lumalabas na yung dumi nung kalawang
0.8653,ordered complete and fast on delivery napaka daling ikabit nung kulambo sa bed namin,ordered complete and fast on delivery sulit na sulit tong pang linis ng bahay
0.9079,sulit na sulit yung price nya kasi heavy duty yung material nung kulambo na nakuha ko,sobrang sulit nung price nya kasi heavy duty yung material nung mat na nakuha ko today
0.8577,bibili ako sa susunod nung ibang shades kasi ang ganda nung pagkakatahi nung dulo,bibili ako sa susunod nung ibang scents kasi napaka fragrant nung kinalabasan
0.8653,thank you lazada at kay kuyang delivery nadeliver agad yung parcel bago yung event namin,thank you lazada at kay kuyang delivery nadeliver agad yung parcel bago yung exam
0.8554,nakuha ko na yung order ko at sobrang satisfied buyer here sa aesthetic na design neto,nakuha ko na yung order ko at sobrang satisfied buyer here sa fragrant na amoy neto sa banyo
0.8534,hala ang ganda ng quality nung cleaner napaka bango tas ang bilis makatanggal ng dumi,bilis makatanggal ng dumi as in ganda nung quality nung cleaner na to
0.8614,ordered complete and fast on delivery bilis pumasok nung connection worth it ang pagbili,ordered complete and fast on delivery amoy expensive talaga yung kinalabasan neto
0.8635,hi seller ask ko lang bakit hindi na nahihigop yung dumi nung vacuum cleaner niyo,hi seller ask ko lang bakit parang nabagsak tong washing machine kasi daming gasgas at yupi
0.8541,ordered complete and fast on delivery selyadong selyado yung bote walang leak,ordered complete and fast on delivery bilis lumamig tas wala pang ugong nung machine
0.8504,ordered complete and fast on delivery selyadong selyado yung bote walang leak,ordered complete and fast on delivery amoy expensive talaga yung kinalabasan neto
0.8612,nakuha ko na yung parcel at sobrang satisfied buyer here sa linis nung spray,nakuha ko na yung parcel at sobrang satisfied buyer here sa lakas na binibigay nito
0.8552,disappointed ako kasi may malaking dent sa likod nung unit nung inopen ko yung box,disappoint ako kasi may mga gasgas na yung unit nung binuksan ko box
0.8552,disappointed ako kasi may malaking dent sa likod nung unit nung inopen ko yung box,disappoint ako kasi may mga gasgas na yung unit nung binuksan ko box
0.8635,disappointed ako kasi may malaking dent sa likod nung unit nung inopen ko yung box,disappointed ako kasi may mga gasgas na yung unit nung binuksan ko box
0.8635,disappointed ako kasi may malaking dent sa likod nung unit nung inopen ko yung box,disappointed ako kasi may mga gasgas na yung unit nung binuksan ko box
0.9281,finally nakuha ko na yung parcel at sobrang satisfied buyer here sa bilis mag palamig neto,finally nakuha ko na yung parcel at sobrang satisfied buyer here dahil gumaling na ako
0.8753,nakuha ko na yung parcel and saktong sakto yung balot hindi natapon yung butil,nakuha ko na yung parcel at saktong sakto yung dami nung rolls
0.8930,nakuha ko na yung parcel and saktong sakto yung balot hindi natapon yung butil,nakuha ko na yung parcel at saktong sakto yung lambot nung handle
0.8740,nakuha ko na yung parcel and saktong sakto yung balot hindi natapon yung butil,nakuha ko na yung parcel at maayos naman ang pagkakabalot nito
0.8631,disappointed ako dahil kalahati na lang yung laman nung cooking oil nung dumating,disappointed ako dahil kalahati na lang yung laman nung cleanser nung dumating
0.8941,bibili ako sa susunod kasi napaka effective neto pampatibay ng katawan sa puyatan,bibili ako sa susunod kasi napaka effective neto sa baby ko na malakas umihi
0.9265,finally nakuha ko na yung parcel at sobrang satisfied ako kasi original at bpa-free to,finally nakuha ko na yung parcel at sobrang satisfied ako kasi original at healthy to
0.9049,complete orders naman at napaka ayos kausap nung seller nung nag tanong ako sa chat,kumpleto naman ang order ko at maayos kausap si seller sa chat
0.8513,bibili ako sa susunod kasi napaka smooth na nung texture nung pisngi ko salamat,bibili ako sa susunod nung mas malaki kasi napaka smooth nya i-blend sa skin
0.8622,wrong color yung binigay nyo red ang order ko pero nadeliver is pink,mali yung kulay na pinadala black order ko pero pink ang dumating sa akin
0.8735,wrong color yung binigay nyo red ang order ko pero nadeliver is pink,mali yung kulay na pinadala niyo white order ko pero pink ang dumating
0.8859,wrong color yung binigay nyo red ang order ko pero nadeliver is pink,mali yung kulay na pinadala order ko red pero orange yung dumating sa akin
0.8615,wrong color yung binigay nyo red ang order ko pero nadeliver is pink,mali yung kulay na pinadala order ko blue pero red yung dumating sa akin
0.8605,wrong color yung binigay nyo red ang order ko pero nadeliver is pink,wrong color ang pinadala nyo pink ang order ko blue ang dumating
0.8897,wrong color yung binigay nyo red ang order ko pero nadeliver is pink,wrong color yung pinadala niyo pink order ko pero blue ang dumating
0.8658,received ko na yung parcel and fast on delivery kaya tuloy-tuloy ang pampalamig ko,mabilis nadeliver and fast on delivery yung parcel kaya nagamit ko agad
0.8658,received ko na yung parcel and fast on delivery kaya tuloy-tuloy ang pampalamig ko,mabilis nadeliver and fast on delivery yung parcel kaya nagamit ko agad
0.8503,disappointed ako dahil puro kalawang na yung handle nung nakuha ko sa rider kanina,disappoint ako kasi may crack yung handle nung sander nung nakuha ko
0.8871,sa picture ay mukhang malinis pero sa personal ay talagang dugyot tignan nung bakal,ang ganda tignan sa picture pero sa personal parang mumurahin lang pala
0.8550,asar ako dahil marupok yung material tas may crack na agad nung binuksan ko yung pack,disappointed ako kasi may crack yung casing nung binuksan ko yung pack
0.8654,ang lakas ng buga nung ilaw parang daylight na kahit madaling araw,ang lakas nung liwanag nung flashlight parang araw sa dilim
0.8989,solid yung rubber material hindi yung plastik na madaling mapingas,matibay yung material hindi sya yung malutong na plastic na madaling mabali
0.8523,ang luwag sa loob kasya pati yung toiletries at sapatos ko,ang daming variety nung set kasya pati sapatos at toileteries ko sa loob
0.8613,kashship out pa lang kahapon nandito na agad yung order ko,mabilis dumating yung order ko kahapon lang ako nag check out nandito na
0.8613,kashship out pa lang kahapon nandito na agad yung order ko,mabilis dumating yung order ko kahapon lang ako nag check out nandito na
0.8541,kashship out pa lang kahapon nandito na agad yung order ko,mabilis dumating yung order ko kahapon lang ako nag check out nandito na agad
0.8589,kashship out pa lang kahapon nandito na agad yung order ko,mabilis dumating yung order ko kahapon lang chineck out nandito na agad
0.8647,sobrang disappointing kasi may crack na yung visor pagkabukas ko palang ng parcel,disappointed ako kasi may crack na agad yung protector nung pagbukas ko nung parcel
0.8598,paborito nung mga pets ko tong vitamins na to kasi amoy biscuit siya na masarap,the best tong vitamins na to kasi mahilig yung mga pusa ko sa lasa nito
0.9178,paborito nung mga pets ko tong vitamins na to kasi amoy biscuit siya na masarap,paboritong paborito nung mga pets ko tong vitamins na to dahil sa lasa
0.8543,hindi ko na kailangan itago sa pagkain yung vitamins kasi kinakain nila ng kusa,hindi ko na kailangan i-dissolve sa tubig yung vitamins kasi kinakain naman nila
0.8743,nag-dry up yung skin ng aso ko kaya lalong nangati nung ginamit tong shampoo,sobrang drying nung shampoo na to sa skin ng pet ko kaya lalong nangati
0.9073,worth it yung price kasi ramdam mong hindi hamak na mas maganda kesa sa iba,worth it yung bayad kasi ramdam mo na hindi hamak na mas malakas kesa sa iba
0.8537,hindi siya ganun ka-heavy duty parang pang bata lang yung level nung tigas,hindi siya heavy duty as in parang buhol-buhol na sinulid lang ang dating sa bilis
0.8613,hindi na ako kailangang mag-stretch every hour kasi hindi na masyadong stiff yung likod ko,hindi na ko kailangang mag-stretch every hour dahil sa ganda nung sandalan na to
0.8677,safe ang contents nung jars dahil sa sobrang kapal nung bubble wrap ni seller,safe na safe ung item dahil sa kapal ng bubble wrap ni seller
0.8852,smooth glide as in parang lumilipad yung pen sa papel sa sobrang dulas,napaka-smooth nung glide nung fountain pen parang lumilipad lang sa papel
0.8592,hindi ko na uulitin bumili ng ganitong brand kasi parang bato ang lambot,hinding hindi ko na uulitin bumili nung brand na to as in nakakasuka yung amoy nito
0.8525,naging cozy yung kwarto ko dahil sa fairy lights na to,bilis naging instagrammable nung kwarto ko dahil sa fairy lights na to
0.8603,disappointing kasi wasak na yung salamin pagka-unbox ko palang nung parcel,disappointed kasi basag yung lens nung nadeliver sakin yung parcel
0.8523,bakit ganun ang daming bubog sa loob nung package pagkabukas ko,bakit parang kulang ng turnilyo nung binuksan ko na yung package
0.8650,zero fragrance as in parang ordinaryong kandila lang nung namatayan ng ilaw,zero aroma as in parang nagsisindi lang ako ng normal na kandila sa bahay
0.8914,huwag na kayo bibili dito kasi hindi naman mabango nung sinindihan ko na,huwag kayo bibili dito dahil hinde man lang natanggal yung amoy nung tenga
0.9345,hindi ko na uulitin bumili nung brand na to as in walang amoy nung ginamit ko na,hinding hindi ko na uulitin bumili nung brand na to as in nakakasuka yung amoy nito
0.8815,sakto lang yung lambot ng yarn pero medyo manipis siya para sa projects ko,sakto lang for small projects yung yarn pero manipis lang talaga siya
0.9054,mabilis malobat yung battery kahit full charge na nung una,mabilis malowbat yung battery kahit full charge naman nung umpisa wala pang isang oras patay na
0.9793,nakakairita kasi hindi man lang nakabalot ng maayos kaya nabasag yung item,nakakainis kasi hindi man lang binalot ng maayos kaya nabasag yung item
0.9033,mabilis sana delivery pero useless yung item dahil sa dami ng damage,mabilis sana delivery pero useless yung item dahil basag na lahat
0.9003,investment sa safety itong tool na to dahil hindi siya biglang bumibigay,investment sa safety itong tool na to kasi hindi siya snap back
0.8915,disappointed ako sa quality kasi parang plastic bag lang yung nipis nung tela,disappointed ako sa quality parang plastic lang yung seat cover na to
0.8778,decent buy naman for the price though expect niyo na compact lang siya,decent buy naman for the price though expect niyo na medyo maliit yung strap
0.8727,maayos yung tela and breathable kaso bitin talaga sa dimension nung unan,maayos yung fabric and breathable kaso bitin talaga sa circumference nung band
0.9343,fair quality naman yung item kaso nagulat ako sa liit nung nadeliver,fair quality naman yung item kaso nagulat ako sa higpit nung pagkakagawa
0.8528,disappointed ako nung pagbukas ko nung parcel dahil may leak yung resin bottle,disappointed ako kasi may crack yung casing nung binuksan ko yung pack
0.8710,ayaw ko na gamitin itong toothbrush kasi sobrang tigas at nagdurugo yung gums,hindi safe gamitin itong toothbrush dahil matigas masyado at nagkasugat yung gums
0.8749,sobrang tigas nung brush hindi man lang malambot para sa sensitibong gums,hinde masyadong malambot yung bristles para sa akin na sensitive gums
0.8519,pwede na rin para sa price pero wag asahan na matibay yung plastic,sapat lang yung quality para sa presyo pero wag asahan na matibay yung plastic
0.9264,mabilis dumating yung item at talagang matibay yung pagkaka-package,mabilis dumating yung item at napaka pulido nung pagkaka package
0.9065,mabilis dumating yung item at talagang matibay yung pagkaka-package,mabilis dumating yung item at maayos ang packaging
0.8638,ang hirap buksan nung zipper kasi laging sumasabit sa tela nung money belt,mahirap isara yung case dahil palaging sumasabit yung tela sa zipper
0.8735,low quality yung plastic na ginamit kaya nag-crack agad nung naipit,poor quality yung plastic na ginamit parang bibigay agad kapag diniinan mo kuskusin
0.8575,mabilis iship out ni seller at napaka smooth nung output,bilis iship out nung seller at napaka pulido nung pagkaka package
0.8575,mabilis iship out ni seller at napaka smooth nung output,bilis iship out nung seller at napaka pulido nung pagkaka package
0.8507,maayos ung packaging at gumagana nang maayos ung item,maayos ang packaging at walang yupi yung bakal nung item
0.8563,maayos ung packaging at gumagana nang maayos ung item,maayos ang packaging at nadeliver naman ang item sa tamang address
0.8619,maayos ung packaging at gumagana nang maayos ung item,maayos ang packaging at nadeliver naman ang item na walang damage
0.8619,maayos ung packaging at gumagana nang maayos ung item,maayos ang packaging at nadeliver naman ang item na walang damage
0.8619,maayos ung packaging at gumagana nang maayos ung item,maayos ang packaging at nadeliver naman ang item na walang damage
0.8626,maayos ung packaging at gumagana nang maayos ung item,maayos ang packaging at nadeliver nman ang item na walang damage
0.8756,mabilis dumating ung parcel at walang basag ung baso,mabilis dumating yung parcel at walang kahit anong dumi nung binuksan
0.8888,mabilis dumating ung parcel at walang basag ung baso,mabilis dumating ang parcel at maayos ang pagkakabalot
0.8888,mabilis dumating ung parcel at walang basag ung baso,mabilis dumating ang parcel at maayos ang pagkakabalot
0.8541,mabilis dumating ung parcel at walang basag ung baso,bilis dumating ng parcel at naka box pa kaya walang tupi yung mat
0.8541,mabilis dumating ung parcel at walang basag ung baso,mabilis dumating ang parcel at walang gasgas ang mga kubyertos salamat po
0.8970,mabilis dumating ung parcel at walang basag ung baso,mabilis dumating ang parcel at naka box pa kaya walang yupi yung pots
0.8937,manipis ung handle kaya masakit sa kamay pag matagal,matigas yung handle medyo masakit sa palad pag matagal
0.8619,nakuha ko na yung order ko at satisfied buyer here sa tibay nung screwdriver,nakuha ko na yung order at satisfied buyer here sa lakas ng spark nito
0.8902,maayos yung pagkakapackage at complete yung items nung dumating sa bahay,maayos yung packaging at secured ang item nung dumating sa bahay
0.8693,refund ko sana to kaso hassle na sa shipping pero pangit talaga performance,refund ko sana to kaso hassle na sa shipping pero hinde talaga siya accurate gamitin
0.8966,refund ko sana to kaso hassle na sa shipping pero pangit talaga performance,refund ko sana to kaso hassle na sa shipping pero hinde talaga siya working
0.9471,medyo neutral yung rating ko kasi okay yung gamit pero pangit yung fit,medyo neutral yung rating ko kasi okay yung item pero pangit yung fit sa akin
0.8875,medyo neutral yung rating ko kasi okay yung gamit pero pangit yung fit,medyo neutral yung rating ko kasi maganda yung look pero mahina grip
0.8608,medyo neutral yung rating ko kasi okay yung gamit pero pangit yung fit,medyo neutral yung rating ko kasi okay yung material pero mahina yung lock
0.9062,medyo neutral yung rating ko kasi okay yung gamit pero pangit yung fit,medyo neutral yung rating ko kasi okay yung kulay pero bitin sa kapal
0.8676,medyo neutral yung rating ko kasi okay yung gamit pero pangit yung fit,medyo neutral yung rating ko dahil okay yung kulay pero mabigat poles
0.8601,medyo neutral yung rating ko kasi okay yung gamit pero pangit yung fit,medyo neutral yung rate ko dahil okay yung material pero mabigat
0.8507,medyo neutral yung rating ko kasi okay yung gamit pero pangit yung fit,medyo neutral yung rating dahil okay yung light pero pangit yung strap
0.9057,medyo neutral yung rating ko kasi okay yung gamit pero pangit yung fit,medyo neutral yung rating ko kasi okay yung material pero masyadong magaan
0.8638,medyo neutral yung rating ko kasi okay yung gamit pero pangit yung fit,medyo neutral yung rating ko kasi okay yung nozzles pero manipis yung bag
0.8719,mabilis nadeliver and fast on delivery yung flux kaya nakagawa agad ako,mabilis nadeliver and fast on delivery yung parcel kaya nagamit ko agad
0.8719,mabilis nadeliver and fast on delivery yung flux kaya nakagawa agad ako,mabilis nadeliver and fast on delivery yung parcel kaya nagamit ko agad
0.9103,nadeliver nung rider yung parcel pero hindi naman mapakinabangan sa labo,nadeliver nung rider yung parcel pero hindi naman mapakinabangan sa maling turo nito
0.8834,nadeliver nung rider yung parcel pero hindi naman mapakinabangan sa labo,parcel nadeliver nung rider pero kulang kulang yung laman nung box
0.8621,nadeliver nung rider yung parcel pero hindi naman mapakinabangan sa labo,parcel nadeliver nung rider pero hinde naman maayos yung zipper nito
0.8954,thank you seller kasi nakuha ko yung parcel bago yung party namin,thank you seller kasi nakuha ko agad yung parcel bago yung hike
0.8595,thank you seller kasi nakuha ko yung parcel bago yung party namin,thank you seller kasi nadeliver niyo agad yung parcel bago yung akyat
0.8631,nadeliver nga agad pero basura naman yung quality nung manual na nakuha ko,agad nadeliver pero basura naman yung quality nung materyales na nakuha ko
0.8665,hinde ko marecommend itong shop dahil hinde tama yung description nung game,hinde ko marecommend itong shop dahil hinde match yung flavor sa description
0.8577,nakuha ko na yung order ko at sobrang satisfied sa kapal nung papel,received ko na yung order ko at satisfied ako sa kapal nung net
0.8632,nakuha ko na yung order ko at sobrang satisfied sa kapal nung papel,nakuha ko na yung order at sobrang satisfied sa ganda nung pattern
0.9084,thank you seller kasi nadeliver agad yung parcel bago maubusan ng stock,thank you seller kasi nadeliver niyo agad yung order ko bago maubusan
0.8831,thank you seller kasi nadeliver agad yung parcel bago maubusan ng stock,thank you seller kasi nakuha ko agad yung parcel bago yung hike
0.9516,thank you seller kasi nadeliver agad yung parcel bago maubusan ng stock,thank you seller kasi nadeliver niyo agad yung parcel bago yung akyat
0.8548,thank you seller kasi nadeliver agad yung parcel bago maubusan ng stock,thank you seller sa mabilis na ship out nung parcel
0.8766,thank you seller kasi nadeliver agad yung parcel bago maubusan ng stock,thank you seller sa mabilis na transaction nakuha ko agad bago maubusan stock
0.8709,nadeliver nung rider yung parcel pero hinde maayos yung seal nung machine,parcel nadeliver nung rider pero hinde naman maayos yung zipper nito
0.9042,refund ko sana to kaso hassle na sa shipping pero hinde talaga siya safe,refund ko sana to kaso hassle na sa shipping pero hinde talaga siya working
0.8801,received ko na yung order pero laking inis ko nung makita kong may leak,nakuha ko na yung order pero laking inis ko nung makitang hindi matatag
0.8668,nadeliver agad nung rider at ang ganda nung kapal nung material,mabilis nadeliver nung rider at maayos yung pagkakabalot nung item
0.9057,nakuha ko na yung order at satisfied buyer here sa quality nito,nakuha ko na yung order at satisfied buyer here sa bango nung product
0.8636,nakuha ko na yung order at satisfied buyer here sa quality nito,nakuha ko na yung order at satisfied buyer here sa warmer na nakuha ko
0.8976,nakuha ko na yung order at satisfied buyer here sa quality nito,received ko na yung order at satisfied buyer sa paper quality nito
0.8542,mabilis nadeliver and fast on delivery yung parcel thank you seller,mabilis dumating yung parcel thanks rider at seller
0.9106,nadeliver niyo agad yung parcel pero sana mas malakas yung kapit nito,nadeliver niyo agad yung parcel pero sana mas makapal yung padding nito
0.8750,nadeliver niyo agad yung parcel pero sana mas malakas yung kapit nito,nadeliver niyo agad yung parcel pero sana mas tumatagal yung amoy nito
0.8598,nadeliver nung rider yung parcel pero basura yung quality nung item na to,parcel nadeliver nung rider pero hinde naman matibay yung quality nung rack
0.9388,nadeliver nung rider yung parcel pero basura yung quality nung item na to,nadeliver nung rider yung parcel pero basura naman yung quality nung amoy
0.8827,maayos yung packaging at hinde nayupi yung box nung dumating sa bahay,okay yung pack at secured ang parcel nung dumating sa bahay
0.8678,maayos yung packaging at hinde nayupi yung box nung dumating sa bahay,maayos yung packaging at secured ang item nung dumating sa bahay
0.8639,maayos yung packaging at hinde nayupi yung box nung dumating sa bahay,packaging is very good at walang kahit anong yupi yung box nung dumating
0.8737,maayos yung packaging at hinde nayupi yung box nung dumating sa bahay,packaging is good at walang yupi yung box nung dumating sa amin
0.8789,pag may zero star lang bibilisan ko pindot kasi hinde worth it yung case,pag may zero star bibilisan ko pindot kasi hinde worth it yung incense
0.9362,sapat na yung quality para sa price pero wag asahan na makapal siya,sapat lang yung quality para sa presyo pero wag asahan na matibay
0.8716,sapat na yung quality para sa price pero wag asahan na makapal siya,sapat lang yung quality para sa presyo pero wag asahan na matibay yung plastic
0.8666,sapat na yung quality para sa price pero wag asahan na makapal siya,sakto lang yung presyo para sa quality niya pero wag mag expect ng sobra kasi mumurahin lang ito
0.8665,nakuha ko na yung order at saktong sakto yung bilang nung pouches sa set,nakuha ko na yung order at complete yung baskets na kasama sa pack
0.8516,pag may zero star bibilisan ko pindot kasi hinde talaga gumagana yung hub,pag may zero star bibilisan ko pindot kasi hinde talaga working yung spray niyo
0.9720,thank you seller kasi nakuha ko yung saktong variant na gusto ko,thank you seller kasi nakuha ko yung saktong variant na inorder ko
0.9720,thank you seller kasi nakuha ko yung saktong variant na gusto ko,thank you seller kasi nakuha ko yung saktong variant na inorder ko
0.9423,thank you seller kasi nakuha ko yung saktong variant na gusto ko,thank you seller kasi nakuha ko yung saktong variant na inorder
0.8976,thank you seller kasi nakuha ko yung saktong variant na gusto ko,salamat seller kasi nakuha ko yung saktong color na inorder ko
0.8754,thank you seller kasi nakuha ko yung saktong variant na gusto ko,salamat seller kasi saktong variant yung nakuha ko para sa kitchen ko
0.9720,thank you seller kasi nakuha ko yung saktong variant na gusto ko,thank you seller kasi nakuha ko yung saktong variant na inorder ko
0.8979,thank you seller kasi nakuha ko yung saktong variant na gusto ko,salamat seller kasi saktong variant yung nakuha ko para sa tools ko
0.8707,thank you seller kasi nakuha ko yung saktong variant na gusto ko,salamat seller kasi saktong variant yung nakuha ko para sa project
0.8934,thank you seller kasi nakuha ko yung saktong variant na gusto ko,salamat seller kasi saktong variant yung nakuha ko para sa pusa ko
0.8569,thank you seller kasi nakuha ko yung saktong variant na gusto ko,salamat seller kasi saktong variant yung nakuha ko para sa sensitive skin
0.9399,thank you seller dahil maayos yung packaging at hinde basag yung bulb,thank you seller kasi maayos ang packaging at naka bubble wrap pa
0.8613,thank you seller dahil maayos yung packaging at hinde basag yung bulb,thank you seller kasi secured ang packaging at walang kahit anong damage
0.8748,bilis iship out nung seller at napaka functional nung item para sa bahay,bilis iship out nung seller at napaka functional nung rolling pin sa bahay
0.8567,bilis iship out nung seller at napaka functional nung item para sa bahay,bilis iship out ni seller at napaka functional nung icing set sa bahay
0.8586,bakit nmn biglang ayaw gumana nung spray nadeliver niyo sayang pera,bakit naman biglang ayaw gumana nung switch nadeliver niyo sayang pera
0.9742,bakit nmn biglang ayaw gumana nung spray nadeliver niyo sayang pera,bakit naman biglang ayaw gumana nung sprayer nadeliver niyo sayang pera
0.8800,maganda matagal dumating pero worth it dahil matibay yung tip,maganda matagal dumating pero worth it dahil malinis yung gupit nung kuko
0.8640,nakuha ko na yung parcel at saktong sakto yung dami nung washi rolls,nakuha ko na yung parcel at saktong sakto yung dami nung stickers
0.9463,nakuha ko na yung parcel at saktong sakto yung dami nung washi rolls,nakuha ko na yung parcel at saktong sakto yung dami nung rolls
0.8763,disappointed ako kasi kulang ng isang roll yung nadeliver sa akin,disappointed ako kasi kulang ng isang needle yung nadeliver sakin
0.8575,disappointed ako kasi kulang ng isang roll yung nadeliver sa akin,disappoint ako kasi kulang ng dalawang rolyo yung nadeliver sa akin
0.8575,disappointed ako kasi kulang ng isang roll yung nadeliver sa akin,disappoint ako kasi kulang ng dalawang rolyo yung nadeliver sa akin
0.8827,hinde ko marecommend itong shop dahil hinde match yung designs sa picture,hinde ko marecommend itong shop dahil hinde match yung thickness sa pic
0.8940,hinde ko marecommend itong shop dahil hinde match yung designs sa picture,hinde ko marecommend itong shop dahil hinde match yung item sa pic
0.8950,ang bilis iship out ni seller at napaka pulido nung packaging nung tapes,bilis iship out ni seller at napaka pulido nung packaging nung item
0.8677,ang bilis iship out ni seller at napaka pulido nung packaging nung tapes,mabilis iship out nung seller at napaka pulido nung packaging nung item
0.8937,ang bilis iship out ni seller at napaka pulido nung packaging nung tapes,bilis iship out nung seller at napaka pulido nung pagkaka package
0.8613,ang bilis iship out ni seller at napaka pulido nung packaging nung tapes,bilis iship out ni seller at napaka pulido nung pagkaka pack nung item
0.8937,ang bilis iship out ni seller at napaka pulido nung packaging nung tapes,bilis iship out nung seller at napaka pulido nung pagkaka package
0.8613,ang bilis iship out ni seller at napaka pulido nung packaging nung tapes,bilis iship out ni seller at napaka pulido nung pagkaka pack nung item
0.8537,mahina masyado yung adhesive nung washi tape nadeliver niyo sayang pera,sadyang mahina yung kapit nung adhesive nadeliver niyo sayang pera
0.8637,nadeliver agad nung rider yung parcel at walang basag yung bote,agad nadeliver nung rider yung parcel nang mabilis at walang bawas yung item
0.8750,nadeliver agad nung rider yung parcel at walang basag yung bote,agad nadeliver nung rider yung parcel nang mabilis at walang bawas
0.8612,nadeliver agad nung rider yung parcel at walang basag yung bote,agad nadeliver nung rider yung parcel at saktong sakto yung bilang
0.8982,nadeliver agad nung rider yung parcel at walang basag yung bote,agad nadeliver nung rider yung parcel nang mabilis at walang bawas yung laman
0.8623,disappointed ako kasi may mga lukot na sheets nung binuksan ko,disappointed kasi may tupi yung dulo nung papel nung binuksan ko
0.8766,saktong sakto yung size nung stickers hinde siya masyadong malaki,saktong sakto yung size nung tape hinde siya masyadong malapad
0.8577,arrived na yung order at satisfied buyer here sa lambot nung brush,arrived na yung order at satisfied buyer here sa tibay nung material
0.8577,arrived na yung order at satisfied buyer here sa lambot nung brush,arrived na yung order at satisfied buyer here sa tibay nung material
0.8999,nadeliver agad nung rider yung parcel at walang damage yung item,agad nadeliver nung rider yung parcel nang mabilis at walang bawas yung item
0.8546,nadeliver agad nung rider yung parcel at walang damage yung item,agad nadeliver nung rider yung parcel nang mabilis at walang bawas yung laman
0.8627,arrived na yung order at satisfied buyer here sa thickness nung paper,arrived na yung order at satisfied buyer here sa tibay nung material
0.8627,arrived na yung order at satisfied buyer here sa thickness nung paper,arrived na yung order at satisfied buyer here sa tibay nung material
0.9164,mabilis nadeliver nung rider at maayos yung pagkakabalot nung item sa box,mabilis nadeliver nung rider at maayos yung pagkakabalot nung item
0.8509,medyo neutral yung rating ko kasi okay yung grip pero manipis yung rubber,medyo neutral yung rating ko kasi okay yung material pero masyadong magaan
0.8600,medyo neutral yung rating ko kasi okay yung grip pero manipis yung rubber,medyo neutral yung rating ko kasi okay yung nozzles pero manipis yung bag
0.9033,arrived na yung order at satisfied buyer here sa tibay nung stainless material,arrived na yung order at satisfied buyer here sa tibay nung material
0.9033,arrived na yung order at satisfied buyer here sa tibay nung stainless material,arrived na yung order at satisfied buyer here sa tibay nung material
0.9413,kulang sa pulido yung pagkagawa dahil may mga sharp edges yung handle nung whisk,kulang sa pulido yung pagkagawa dahil may mga sharp edges yung handle
0.8579,kulang sa pulido yung pagkagawa dahil may mga sharp edges yung handle nung whisk,kulang sa pulido yung pagkagawa dahil may mga sharp edges yung tip nung bote
0.8894,panalo itong budol dahil hinde nangingitim yung bakal kahit nababasa palagi,panalo itong budol dahil hinde kinakalawang yung metal kahit palaging nababasa
0.9161,mabilis dumating yung order at maayos yung pagkakabalot ni seller sa item,mabilis nadeliver nung seller at maayos yung pagkakabalot nung item
0.9077,sulit na purchase dahil makapal yung stainless hinde siya basta basta nayuyupi,sulit na purchase dahil makapal yung metal hinde siya basta napupudpod
0.8773,ano ba naman itong nakuha ko parang madaling mabali yung metal sa nipis,ano ba naman itong nakuha ko parang madaling mabali yung shaft sa nipis
0.8575,ano ba naman itong nakuha ko parang madaling mabali yung metal sa nipis,ano ba naman itong nakuha ko parang madaling mapunit yung plastic
0.8895,thank nadeliver niyo agad yung parcel bago yung schedule nung baking,thank nadeliver niyo agad yung parcel bago yung schedule nung repair
0.9251,thank nadeliver niyo agad yung parcel bago yung schedule nung baking,thank nadeliver niyo agad yung parcel bago yung schedule nung ligo
0.8680,received ko na yung parcel at maayos yung condition nung item nung dumating,nakuha ko na yung parcel at maayos naman ang pagkakabalot nito
0.8828,received ko na yung parcel at maayos yung condition nung item nung dumating,received ko na yung item at maayos naman ang pagkaka pack
0.9568,received ko na yung parcel at maayos yung condition nung item nung dumating,received ko na yung parcel at maayos ang condition nung item
0.9416,received ko na yung parcel at maayos yung condition nung item nung dumating,nareceive ko na yung parcel at maayos naman ang condition nung item na nakuha
0.8717,received ko na yung parcel at maayos yung condition nung item nung dumating,maayos naman ang condition nung item nung tinanggap ko parcel
0.9416,received ko na yung parcel at maayos yung condition nung item nung dumating,nareceive ko na yung parcel at maayos naman ang condition nung item na nakuha
0.8812,ayaw ko na dito dahil hinde match yung tips sa description nung seller,ayaw ko na dito dahil hinde match yung length sa description ni seller
0.8855,ayaw ko na dito dahil hinde match yung tips sa description nung seller,ayaw ko na dito dahil hinde match yung size sa description ni seller
0.8872,maganda matagal dumating pero worth it dahil hinde umiinit yung wire,maganda matagal dumating pero worth it dahil hinde siya nag h-heat
0.8682,maayos yung packaging at napaka functional nung item para sa bahay,maayos yung packaging at napaka functional nung item para sa grooming
0.8735,hinde sayang pera dito kasi saktong sakto yung dami nung saksakan,hinde sayang pera dito kasi saktong sakto yung talim nung nakuha ko
0.8857,disappointed ako kasi manipis masyado yung tape parang madaling mabutas,disappointed ako kasi manipis masyado yung brush parang madaling mabutas
0.8874,received ko na yung parcel at satisfied buyer here sa quality nung tape,received ko na yung parcel at satisfied buyer here sa quality nung leds
0.8896,received ko na yung parcel at satisfied buyer here sa quality nung tape,received ko na yung parcel at satisfied buyer here sa quality nung bristles
0.8536,hinde ko marecommend itong shop dahil hinde match yung specs sa box,hinde ko marecommend itong shop dahil hinde match yung item sa pic
0.8514,hinde ko marecommend itong shop dahil hinde match yung specs sa box,hinde ko marecommend itong shop dahil hinde match yung flavor sa description
0.8824,packaging nung item ay pulido at mabilis iship out ni seller,bilis iship out ni seller at napaka pulido nung pagkaka pack nung item
0.9638,packaging nung item ay pulido at mabilis iship out ni seller,packaging nung item ay pulido at mabilis iship out ni seller nung order
0.8617,packaging nung item ay pulido at mabilis iship out ni seller,mabilis nadeliver yung parcel at maayos naman ang pagkaka pack ni seller
0.8645,packaging nung item ay pulido at mabilis iship out ni seller,mabilis nadeliver ang parcel at secured ang packaging ni seller
0.8773,packaging nung item ay pulido at mabilis iship out ni seller,mabilis nadeliver ang parcel at maayos ang packaging ni seller
0.8592,packaging nung item ay pulido at mabilis iship out ni seller,mabilis nadeliver ang parcel at maayos ang packaging ni seller kanina
0.8705,packaging nung item ay pulido at mabilis iship out ni seller,mabilis nadeliver ang parcel at maayos ang pagkaka pack ni seller
0.8515,packaging nung item ay pulido at mabilis iship out ni seller,nadeliver na ang item at maayos naman ang pagkaka pack ni seller
0.9315,sulit na purchase dahil ang daming piraso nung kasama sa isang pack,sulit na purchase dahil ang daming laman nung isang tin sa isang pack
0.9037,masarap gamitin dahil easy to use at hinde na kailangan ng glue,masarap gamitin dahil easy to apply at hinde na kailangan ng brush
0.8547,bad trip yung experience dahil hinde match yung drill bit size sa plug,bad trip yung experience dahil hinde fit yung tip sa maliit na tenga
0.8709,kumpleto yung set na dumating at walang damage ang packaging nung tinanggap ko,ayos yung packaging at walang kahit anong damage nung tinanggap ko item
0.8617,mabilis lang dumating yung item at nakabalot ng maayos sa bubble wrap,dumating agad ang parcel at maayos ang bubble wrap
0.8658,mabilis lang dumating yung item at nakabalot ng maayos sa bubble wrap,mabilis nadeliver ang parcel at secured ang item sa bubble wrap
0.8590,mabilis lang dumating yung item at nakabalot ng maayos sa bubble wrap,mabilis dumating ang parcel at maayos ang pagkaka bubble wrap nito
0.8692,mabilis lang dumating yung item at nakabalot ng maayos sa bubble wrap,nakarating na ang item at balot naman sa bubble wrap ang package
0.8713,mabilis lang dumating yung item at nakabalot ng maayos sa bubble wrap,nakarating na yung item at maayos ang pagkaka bubble wrap nito
0.8515,walang damage nung dumating kahit mabigat ang parcel salamat sa maayos na packaging,dumating na yung parcel at walang damage salamat sa maayos na packaging seller
0.9493,medyo matagal lang ang shipping pero naintindihan ko naman kasi malayo kami,mejo matagal lang ang shipping pero naintindihan ko naman dahil malayo
0.9493,medyo matagal lang ang shipping pero naintindihan ko naman kasi malayo kami,mejo matagal lang ang shipping pero naintindihan ko naman dahil malayo
0.9689,mabilis ang ship out ni seller kaya nakuha ko agad ang order ko in two days,mabilis ang ship out ni seller kaya nakuha ko agad in two days
0.9125,mabilis ang ship out ni seller kaya nakuha ko agad ang order ko in two days,bilis maship out ni seller kaya nakuha ko agad yung parcel after two days
0.9201,mabilis ang ship out ni seller kaya nakuha ko agad ang order ko in two days,ship out agad ni seller kaya nakuha ko yung item in 2 days
0.9113,mabilis ang ship out ni seller kaya nakuha ko agad ang order ko in two days,bilis maship out ni seller kaya nakuha ko agad in two days
0.9223,mabilis ang ship out ni seller kaya nakuha ko agad ang order ko in two days,mabilis maship out ni seller kaya nakuha ko agad in 2 days
0.8680,mabilis ang ship out ni seller kaya nakuha ko agad ang order ko in two days,salamat seller sa mabilis na ship out nakuha ko in 2 days
0.8666,mabilis ang ship out ni seller kaya nakuha ko agad ang order ko in two days,ship out ni seller agad kaya nadeliver yung item within two days
0.8537,mabilis ang ship out ni seller kaya nakuha ko agad ang order ko in two days,thank you seller sa mabilis na ship out nakuha ko agad in 2 days
0.8802,mabilis ang ship out ni seller kaya nakuha ko agad ang order ko in two days,salamat seller sa mabilis na ship out nakuha ko agad in 2 days
0.8802,mabilis ang ship out ni seller kaya nakuha ko agad ang order ko in two days,salamat seller sa mabilis na ship out nakuha ko agad in 2 days
0.8718,mabilis ang ship out ni seller kaya nakuha ko agad ang order ko in two days,mabilis nag ship out si seller kaya nakuha ko agad yung parcel
0.9275,mabilis ang ship out ni seller kaya nakuha ko agad ang order ko in two days,mabilis maship out ni seller kaya nakuha ko agad in two days
0.8802,mabilis ang ship out ni seller kaya nakuha ko agad ang order ko in two days,salamat seller sa mabilis na ship out nakuha ko agad in 2 days
0.8696,mabilis ang ship out ni seller kaya nakuha ko agad ang order ko in two days,mabilis maship out ni seller kaya nakuha ko agad order ko ngayon
0.8619,mabilis ang ship out ni seller kaya nakuha ko agad ang order ko in two days,mabilis maship out ni seller kaya nakuha ko agad order ko kanina
0.8594,mabilis ang ship out ni seller kaya nakuha ko agad ang order ko in two days,mabilis maship out ni seller kaya nakuha ko agad order ko sa kanya
0.8525,mabilis ang ship out ni seller kaya nakuha ko agad ang order ko in two days,bilis maship out ni seller nakuha ko yung parcel in two days lang talaga
0.8920,mabilis ang ship out ni seller kaya nakuha ko agad ang order ko in two days,mabilis maship out ni seller nakuha ko yung parcel in two days
0.9434,mabilis ang ship out ni seller kaya nakuha ko agad ang order ko in two days,mabilis maship out ni seller nakuha ko agad order ko in two days
0.9090,mabilis ang ship out ni seller kaya nakuha ko agad ang order ko in two days,agad pinadala ni seller nakuha ko agad order ko in two days lang
0.9434,mabilis ang ship out ni seller kaya nakuha ko agad ang order ko in two days,mabilis maship out ni seller nakuha ko agad order ko in two days
0.9090,mabilis ang ship out ni seller kaya nakuha ko agad ang order ko in two days,agad pinadala ni seller nakuha ko agad order ko in two days lang
0.8954,mabilis ang ship out ni seller kaya nakuha ko agad ang order ko in two days,agad pinadala ni seller nakuha ko agad order ko in two days lang talaga
0.9090,mabilis ang ship out ni seller kaya nakuha ko agad ang order ko in two days,agad pinadala ni seller nakuha ko agad order ko in two days lang
0.9386,mabilis ang ship out ni seller kaya nakuha ko agad ang order ko in two days,mabilis maship out ni seller nakuha ko agad order ko in two days lang
0.8699,mabilis ang ship out ni seller kaya nakuha ko agad ang order ko in two days,mabilis na ship out ni seller kaya nareceive ko agad ngayon
0.9314,mabilis ang ship out ni seller kaya nakuha ko agad ang order ko in two days,mabilis naship out ni seller kaya nareceive ko agad within two days lang
0.8810,mabilis ang ship out ni seller kaya nakuha ko agad ang order ko in two days,mabilis naship out ni seller kaya nakuha ko agad yung order ko kahapon
0.8903,medyo mahirap intindihin yung instructions kasi puro chinese ang nakasulat,hirap intindihin nung instructions kasi chinese yung nakasulat sa manual
0.8752,mura lang compared sa ibang brands pero parehas lang naman ang effect,mura lang kumpara sa ibang brand pero same lang naman ang quality
0.8660,madaling linisin punasan lang ng wet wipes okay na agad,madaling hugasan punas lang ng basahan okay na agad hindi na kailangan labhan
0.8757,mabilis dumating yung parcel at tamang kulay ang pinadala ni seller,nakuha ko na yung parcel at tama yung kulay na pinadala ni seller
0.8697,mabilis dumating yung parcel at tamang kulay ang pinadala ni seller,mabilis nadeliver yung parcel at maayos naman ang pagkaka pack ni seller
0.8537,mabilis dumating yung parcel at tamang kulay ang pinadala ni seller,agad dumating ang parcel at secured ang packaging ni seller
0.8845,mabilis dumating yung parcel at tamang kulay ang pinadala ni seller,received ko na yung parcel at tamang kulay ang pinadala ni seller
0.8696,mabilis dumating yung parcel at tamang kulay ang pinadala ni seller,mabilis nadeliver ang parcel at maayos ang packaging ni seller
0.8899,mabilis dumating yung parcel at tamang kulay ang pinadala ni seller,dumating na yung item at tamang kulay ang pinadala ni seller
0.8632,mabilis dumating yung parcel at tamang kulay ang pinadala ni seller,mabilis dumating yung parcel at maayos ang packaging ni seller kanina
0.8779,mabilis dumating yung parcel at tamang kulay ang pinadala ni seller,mabilis nadeliver ang parcel at maayos ang pagkaka pack ni seller
0.9046,order uli ako ng ibang design para may pamalit kami araw araw,order ako ulit ng ibang design para may pamalit kami pag nilabhan
0.8634,disappointed ako kasi may punit yung nadeliver na item sakin,disappointed ako kasi may crack yung plate nung nadeliver sakin yung item
0.8607,thank you seller kasi secured ang parcel at walang kahit anong damage,thank you seller kasi complete items at walang damage ang order ko
0.9749,thank you seller kasi secured ang parcel at walang kahit anong damage,thank you seller kasi secured ang packaging at walang kahit anong damage
0.8778,thank you seller kasi secured ang parcel at walang kahit anong damage,thank you seller kasi complete lahat ng order ko at walang damage
0.8607,thank you seller kasi secured ang parcel at walang kahit anong damage,thank you seller kasi complete items at walang damage ang order ko
0.8666,thank you seller kasi secured ang parcel at walang kahit anong damage,thank you seller sa mabilis na shipping at maayos na item walang damage
0.8841,thank you seller kasi secured ang parcel at walang kahit anong damage,thank you seller safe nakarating yung parcel walang damage yung mga items
0.8909,salamat sa mabilis na ship out nakuha ko agad bago mag lunch,salamat sa mabilis na ship out umabot bago ang flight ko
0.8946,salamat sa mabilis na ship out nakuha ko agad bago mag lunch,salamat sa mabilis na ship out nakuha ko bago ang event
0.8938,medyo maikli yung length para sa akin na matangkad,medyo maikli yung length para sa height nung stand ko
0.9060,salamat seller sa mabilis na transaction at maayos na item,salamat seller for the fast ship out at maayos na item
0.8926,salamat seller sa mabilis na transaction at maayos na item,salamat po seller sa mabilis na transaction at ship out
0.9808,salamat seller sa mabilis na transaction at maayos na item,marami salamat seller sa mabilis na transaction at maayos na item
0.8966,salamat seller sa mabilis na transaction at maayos na item,salamat seller sa mabilis na transaction at ship out
0.8737,salamat seller sa mabilis na transaction at maayos na item,thanks seller sa mabilis na transaction at freebie
0.9226,salamat seller sa mabilis na transaction at maayos na item,thank you seller sa mabilis na transaction at complete items
0.9349,salamat seller sa mabilis na transaction at maayos na item,thank you seller sa mabilis na transaction at quality item
0.9453,salamat seller sa mabilis na transaction at maayos na item,salamat seller sa mabilis na transaction at ship out ng item
0.9397,salamat seller sa mabilis na transaction at maayos na item,salamat seller sa mabilis na transaction at complete items
0.9397,salamat seller sa mabilis na transaction at maayos na item,salamat seller sa mabilis na transaction at complete items
0.9226,salamat seller sa mabilis na transaction at maayos na item,thank you seller sa mabilis na transaction at complete items
0.8530,salamat seller sa mabilis na transaction at maayos na item,thank you seller sa mabilis na delivery at maayos na packaging
0.9147,salamat seller sa mabilis na transaction at maayos na item,thank you seller sa mabilis na transaction at complete items na pinadala
0.9397,salamat seller sa mabilis na transaction at maayos na item,salamat seller sa mabilis na transaction at complete items
0.8747,salamat seller sa mabilis na transaction at maayos na item,thank you seller sa mabilis na transaction at ship out
0.8751,salamat seller sa mabilis na transaction at maayos na item,salamat seller sa mabilis na delivery at maayos na package
0.8865,salamat seller sa mabilis na transaction at maayos na item,salamat seller sa mabilis na ship out at quality na item
0.9397,salamat seller sa mabilis na transaction at maayos na item,salamat seller sa mabilis na transaction at complete items
0.9075,salamat seller sa mabilis na transaction at maayos na item,salamat seller sa mabilis na transaction at complete items sa loob
0.8872,salamat seller sa mabilis na transaction at maayos na item,salamat seller sa mabilis na transaction at complete items sa box
0.8714,salamat seller sa mabilis na transaction at maayos na item,salamat po seller sa mabilis na ship out at quality na item na nakuha
0.9397,salamat seller sa mabilis na transaction at maayos na item,salamat seller sa mabilis na transaction at complete items
0.9397,salamat seller sa mabilis na transaction at maayos na item,salamat seller sa mabilis na transaction at complete items
0.8921,salamat seller sa mabilis na transaction at maayos na item,complete na items at salamat seller sa mabilis na transaction
0.8566,salamat seller sa mabilis na transaction at maayos na item,thank you seller sa mabilis na delivery at complete na order
0.8772,salamat seller sa mabilis na transaction at maayos na item,salamat seller sa mabilis na ship out at quality na item na to
0.9182,salamat seller sa mabilis na transaction at maayos na item,thank you seller sa mabilis na transaction at complete items na nakuha
0.9453,salamat seller sa mabilis na transaction at maayos na item,salamat seller sa mabilis na transaction at ship out ng item
0.9226,salamat seller sa mabilis na transaction at maayos na item,thank you seller sa mabilis na transaction at complete items
0.9228,salamat seller sa mabilis na transaction at maayos na item,salamat seller sa mabilis na transaction at complete items na nakuha
0.8931,salamat seller sa mabilis na transaction at maayos na item,salamat seller sa mabilis na transaction at complete na items sa box
0.8872,salamat seller sa mabilis na transaction at maayos na item,salamat seller sa mabilis na transaction at complete items sa box
0.8931,salamat seller sa mabilis na transaction at maayos na item,salamat seller sa mabilis na transaction at complete na items sa box
0.8704,salamat seller sa mabilis na transaction at maayos na item,thank you seller sa mabilis na transaction at complete items sa box
0.9020,salamat seller sa mabilis na transaction at maayos na item,salamat seller sa mabilis na shipping at secured na item
0.8710,salamat seller sa mabilis na transaction at maayos na item,thank you seller sa mabilis na delivery at maayos na packaging ng item ko
0.8773,salamat seller sa mabilis na transaction at maayos na item,thank you seller sa mabilis na shipping at maayos na item walang damage
0.8541,salamat seller sa mabilis na transaction at maayos na item,thank you seller sa mabilis na ship out at secure na packaging ng item
0.8545,salamat seller sa mabilis na transaction at maayos na item,thank you seller sa mabilis na transaction at sa pagsagot sa mga tanong
0.9703,salamat seller sa mabilis na transaction at maayos na item,thank you seller sa mabilis na transaction at sa maayos na item na pinadala
0.9703,salamat seller sa mabilis na transaction at maayos na item,thank you seller sa mabilis na transaction at sa maayos na item na pinadala
0.8510,salamat seller sa mabilis na transaction at maayos na item,thank you seller sa mabilis na shipping at sa maayos na packaging
0.9703,salamat seller sa mabilis na transaction at maayos na item,thank you seller sa mabilis na transaction at sa maayos na item na pinadala
0.9083,sana marami pang ibang designs na available next time,sana marami pang ibang colors na available next time
0.9085,sana marami pang ibang designs na available next time,sana marami pang ibang designs na available next time sa shop nyo
0.8668,mabilis nadeliver at maayos ang pagkakabalot nung item,mabilis dumating yung item at maayos ang packaging
0.8581,mabilis nadeliver at maayos ang pagkakabalot nung item,mabilis nadeliver ang parcel at maayos ang condition nung items
0.9900,thank you seller sa pag send ng picture bago i ship out,thank you seller sa pag send ng picture bago i-ship out
0.8532,thank you seller sa pag send ng picture bago i ship out,thank you seller sa mabilis na ship out umabot bago kami umalis
0.9533,thank you seller sa pag send ng picture bago i ship out,thank you seller sa pag send ng picture bago i-ship out ang item
0.8890,thank you seller sa pag send ng picture bago i ship out,bait ni seller nagsend ng picture bago i-ship out
0.8723,thank you seller sa pag send ng picture bago i ship out,maayos kausap si seller nag send ng picture bago i ship out
0.8571,thank you seller sa pag send ng picture bago i ship out,thank you seller ang bilis ng transaction at nagsend pa ng picture bago ship out yung order
0.9278,thank you seller sa pag send ng picture bago i ship out,thank you seller nagsend ng picture bago ship out kaya sure ako
0.9278,thank you seller sa pag send ng picture bago i ship out,thank you seller nagsend ng picture bago ship out kaya sure ako
0.8811,bilis dumating yung parcel safe na safe yung item sa loob ng box,mabilis dumating yung parcel naka box naman kaya safe yung mga lata sa loob
0.8781,bilis dumating yung parcel safe na safe yung item sa loob ng box,mabilis dumating yung parcel safe na safe yung item naka bubble wrap pa
0.8588,thank you seller kasi complete lahat ng parts at walang kulang na screw,thank you seller kasi complete lahat ng order ko at walang damage
0.8592,nadeliver agad yung parcel at maayos ang bubble wrap ni seller,bilis nadeliver ang parcel at maayos ang bubble wrap
0.8943,nadeliver agad yung parcel at maayos ang bubble wrap ni seller,mabilis nadeliver yung parcel at maayos naman ang pagkaka pack ni seller
0.8565,nadeliver agad yung parcel at maayos ang bubble wrap ni seller,agad dumating yung parcel at secured ang packaging ni seller
0.8604,nadeliver agad yung parcel at maayos ang bubble wrap ni seller,mabilis nadeliver ang parcel at maayos ang pagkaka bubble wrap
0.8758,nadeliver agad yung parcel at maayos ang bubble wrap ni seller,agad nadeliver ang parcel at secured ang pagkaka pack ni seller
0.8604,nadeliver agad yung parcel at maayos ang bubble wrap ni seller,mabilis nadeliver ang parcel at maayos ang pagkaka bubble wrap
0.9613,nadeliver agad yung parcel at maayos ang bubble wrap ni seller,agad dumating ang parcel at maayos ang pagkaka bubble wrap ni seller
0.8506,nadeliver agad yung parcel at maayos ang bubble wrap ni seller,mabilis nadeliver ang parcel at secured ang packaging ni seller
0.8852,nadeliver agad yung parcel at maayos ang bubble wrap ni seller,mabilis nadeliver ang parcel at maayos ang packaging ni seller
0.9381,nadeliver agad yung parcel at maayos ang bubble wrap ni seller,mabilis dumating ang parcel at maayos ang pagkaka bubble wrap ni seller
0.8647,nadeliver agad yung parcel at maayos ang bubble wrap ni seller,mabilis dumating yung parcel at maayos ang packaging ni seller kanina
0.8809,nadeliver agad yung parcel at maayos ang bubble wrap ni seller,mabilis nadeliver ang parcel at maayos ang packaging ni seller kanina
0.8872,nadeliver agad yung parcel at maayos ang bubble wrap ni seller,mabilis nadeliver ang parcel at maayos ang pagkaka pack ni seller
0.8761,nadeliver agad yung parcel at maayos ang bubble wrap ni seller,nadeliver na yung parcel at maayos naman ang packaging ni seller
0.8803,nadeliver agad yung parcel at maayos ang bubble wrap ni seller,mabilis naship ni seller at maayos ang pagkakabalot naka bubble wrap pa
0.8563,nadeliver agad yung parcel at maayos ang bubble wrap ni seller,mabilis naship ni seller at maayos ang packaging naka bubble wrap lahat ng ilaw
0.8762,ganda ng build quality nung casing hindi mukhang cheap na plastic,ganda nung build quality hindi sya mukhang madaling mabasag na plastic
0.8636,ganda ng build quality nung casing hindi mukhang cheap na plastic,build quality is okay hindi sya mukhang cheap na plastic
0.8532,sulit sa price nya kesa bumili ng sobrang mahal na original brand,worth it ang price nya kesa bumili ng branded na sobrang mahal
0.8527,mabilis dumating yung order at wala syang kahit anong gasgas nung binuksan,mabilis dumating yung parcel at walang kahit anong dumi nung binuksan
0.8823,isa pang budol find kasi napaka mura nya kesa sa mall price,another budol finds dahil napaka mura lang nito dito sa shop
0.8875,thank you so much seller for the fast transaction at quality item,thank you so much seller for the fast shipping and quality product
0.8953,thank you so much seller for the fast transaction at quality item,salamat seller for the fast ship out at quality na item na to
0.9127,thank you so much seller for the fast transaction at quality item,thank you seller sa mabilis na transaction at quality item
0.8863,thank you so much seller for the fast transaction at quality item,salamat po seller for the fast shipping at quality na product
0.8853,medyo manipis yung material pero keri na for the price na binayad ko,manipis lang pala yung material pero keri na for the price
0.8729,mabilis dumating yung parcel at walang damage nung binuksan ko yung plastic,mabilis dumating yung parcel at walang kahit anong dumi nung binuksan
0.8679,manipis yung wire sa gilid baka madaling maputol pag laging tinitupi,manipis yung tahi sa gilid baka madaling matastas pag hinatak
0.8700,medyo amoy rubber nung binuksan pero nawala din nung pinahanginan ko,amoy goma nung una kong binuksan pero nawala naman nung hinugasan ko
0.8626,ayos yung grip hindi na nadudulas yung kamay ko habang nagdadrive,okay naman yung grip hindi madulas sa kamay kahit pasmado ako minsan
0.8602,ayos yung packaging at walang kahit anong deform nung dumating yung item,ayos yung packaging at walang kahit anong damage nung tinanggap ko item
0.8553,ayos yung packaging at walang kahit anong deform nung dumating yung item,maayos ang packaging at walang yupi yung bakal nung item
0.9104,mabilis dumating yung order ko at maayos ang pagkakabalot nung box,mabilis dumating yung order ko at maayos ang packaging
0.8601,presyong sulit compare sa mga nakikita ko sa malls na mahal,sulit ang price nito compare sa mga nasa mall na mahal
0.9305,presyong pang masa pero ang performance ay pang premium talaga,mura lang pero ang performance ay pang premium talaga
0.8534,presyong pang masa pero ang performance ay pang premium talaga,presyong pang masa pero ang quality ay pang pro talaga
0.8509,presyong pang masa pero ang performance ay pang premium talaga,presyong pang masa pero ang quality ay pang premium
0.8557,presyong pang masa pero ang performance ay pang premium talaga,presyong pang masa pero ang quality ay pang premium talaga promise
0.8594,presyong pang masa pero ang performance ay pang premium talaga,presyong pang masa pero ang quality ay pang premium talaga ang dating
0.8917,presyong pang masa pero ang performance ay pang premium talaga,presyong pang masa pero ang quality ay pang premium talaga
0.8688,presyong pang masa pero ang performance ay pang premium talaga,presyong pang masa pero ang performance ay pang heavy duty talaga
0.8594,presyong pang masa pero ang performance ay pang premium talaga,presyong pang masa pero ang quality ay pang premium talaga ang dating
0.8594,presyong pang masa pero ang performance ay pang premium talaga,presyong pang masa pero ang quality ay pang premium talaga ang dating
0.8557,presyong pang masa pero ang performance ay pang premium talaga,presyong pang masa pero ang quality ay pang premium talaga promise
0.8688,presyong pang masa pero ang performance ay pang premium talaga,presyong pang masa pero ang performance ay pang heavy duty talaga
0.8557,presyong pang masa pero ang performance ay pang premium talaga,presyong pang masa pero ang quality ay pang premium talaga promise
0.9105,easy to clean lang sya kasi pwedeng hugasan ng sabon at tubig,easy to clean lang sya wash lang with soap and water
0.9004,easy to clean lang sya kasi pwedeng hugasan ng sabon at tubig,easy to clean hugasan lang ng tubig at sabon okay na ulit
0.8550,bilis ang ship out at secured ang item with bubble wrap inside,secured ang item sa bubble wrap at mabilis nadeliver yung parcel
0.8592,bilis ang ship out at secured ang item with bubble wrap inside,mabilis nadeliver ang parcel at secured ang item sa bubble wrap
0.8651,keri lang yung lambot nung material hindi sya matigas na plastic,matibay yung material hindi sya yung malutong na plastic na madaling mabali
0.8848,nadeliver agad yung parcel in 2 days lang received ko na,nadeliver agad ang order ko in two days lang nakuha ko na
0.8700,nadeliver agad yung parcel in 2 days lang received ko na,bilis mag ship out nakuha ko agad yung parcel in two days
0.8848,nadeliver agad yung parcel in 2 days lang received ko na,recieved agad yung order ko in 2 days lang nakuha ko na agad
0.9802,nadeliver agad yung parcel in 2 days lang received ko na,nadeliver ang parcel within 2 days lang received ko na agad
0.8906,nadeliver agad yung parcel in 2 days lang received ko na,nadeliver yung order within two days lang nakuha ko na agad
0.8515,nadeliver agad yung parcel in 2 days lang received ko na,received ko na yung item within two days lang ang bilis
0.8596,nadeliver agad yung parcel in 2 days lang received ko na,agad nadeliver ang parcel within two days lang bilis talaga
0.8853,nadeliver agad yung parcel in 2 days lang received ko na,mabilis dumating yung parcel 2 days lang nasa akin na agad yung item
0.8579,maganda yung color at mukhang tatagal naman sya kahit laging basa,ganda nung color at mukhang matibay naman ang pagkakatahi
0.9259,maganda yung color at mukhang tatagal naman sya kahit laging basa,ganda nung color at mukhang tatagal naman sya kahit laging ginagamit
0.9641,order uli ako para sa kapatid ko kasi nagustuhan nya din nung tinry nya,order uli ako para sa kapatid ko kasi nagustuhan nya nung tinesting
0.9594,packaging is good at walang damage nung tinanggap ko yung item,ayos yung packaging at walang kahit anong damage nung tinanggap ko item
0.9717,packaging is good at walang damage nung tinanggap ko yung item,packaging is very good at walang damage nung tinanggap ko yung item
0.8659,packaging is good at walang damage nung tinanggap ko yung item,maayos yung pagkaka pack kaya walang damage nung nakuha ko item
0.8789,packaging is good at walang damage nung tinanggap ko yung item,maayos ang packaging at nadeliver naman ang item na walang damage
0.8789,packaging is good at walang damage nung tinanggap ko yung item,maayos ang packaging at nadeliver naman ang item na walang damage
0.8789,packaging is good at walang damage nung tinanggap ko yung item,maayos ang packaging at nadeliver naman ang item na walang damage
0.8805,packaging is good at walang damage nung tinanggap ko yung item,maayos ang packaging at nadeliver naman ang item na walang kahit anong damage
0.8845,packaging is good at walang damage nung tinanggap ko yung item,maayos ang packaging at nadeliver nman ang item na walang damage
0.8847,packaging is good at walang damage nung tinanggap ko yung item,maayos ang packaging at nadeliver nman ang item na walang kahit any damage
0.8600,packaging is good at walang damage nung tinanggap ko yung item,okay naman yung packaging secured na secured yung item at walang damage nung binuksan ko kanina
0.8553,packaging is good at walang damage nung tinanggap ko yung item,maayos ang packaging at walang sira nung nareceive ko salamat seller
0.8722,packaging is good at walang damage nung tinanggap ko yung item,okay naman ang packaging secure na secure at walang damage ang item
0.8596,packaging is good at walang damage nung tinanggap ko yung item,excellent quality well packaged at walang damage nung nareceive ko yung item
0.9549,dumating ang item earlier than expected kaya nagamit ko na agad,dumating yung item earlier than expected kaya nakapaglaba agad ako
0.9357,dumating ang item earlier than expected kaya nagamit ko na agad,nadeliver yung item earlier than expected kaya nagamit ko na agad
0.8624,dumating ang item earlier than expected kaya nagamit ko na agad,agad nadeliver ang item earlier than expected kaya nakapag repot agad
0.8568,dumating ang item earlier than expected kaya nagamit ko na agad,arrived earlier than expected kaya nagamit ko na agad sa trabaho
0.8535,dumating ang item earlier than expected kaya nagamit ko na agad,nadeliver yung order earlier than expected kaya nagamit ko agad
0.8929,worth the price kasi matagal bago maubos yung isang tub nito,worth the price dahil napaka tagal bago maubos yung isang jar
0.8839,received on time at secured yung item sa loob ng bubble wrap,item received at secured naman yung pagkaka bubble wrap sa box
0.9607,received on time at secured yung item sa loob ng bubble wrap,received on time at secured ang pagkaka bubble wrap nung item
0.9607,received on time at secured yung item sa loob ng bubble wrap,received on time at secured ang pagkaka bubble wrap nung item
0.8532,received on time at secured yung item sa loob ng bubble wrap,mabilis nadeliver ang parcel at secured ang item sa bubble wrap
0.8547,received on time at secured yung item sa loob ng bubble wrap,maayos yung packaging at secured ang item sa loob nung bubble wrap
0.8624,received on time at secured yung item sa loob ng bubble wrap,maayos ang packaging at secured ang item sa loob nung bubble wrap
0.9090,bitin yung kapal nung tela compare sa expectation ko sa picture,mejo manipis lang yung tela compare sa expectation ko sa picture
0.8656,mabilis nadeliver yung order ko at tamang variation ang pinadala,tanggap ko na yung order at tamang variation ang pinadala sakin
0.8860,mabilis nadeliver yung order ko at tamang variation ang pinadala,received ko na yung order at tamang variation ang pinadala sakin
0.8913,mabilis nadeliver yung order ko at tamang variation ang pinadala,nakuha ko na yung order at tamang variation ang pinadala
0.8890,budol find to para sa mga mahilig mag staycation sa bahay lang,budol finds to para sa mga gustong mag ipon sa bahay lang
0.8513,nakuha ko na yung parcel at wala syang kahit anong butas or dumi,received ko na yung parcel at walang tumapon na ink
0.8505,order ako uli para sa asawa ko para twinning kami ng robe,order ako ulit para naman sa gamit nung asawa ko
0.8616,akala ko malaki yung bote pero maliit lang pala,maliit lng pala yung bottle akala ko malaki
0.8799,salamat seller kasi complete lahat ng order ko,thank you seller kasi complete lahat ng order ko at walang damage
0.9331,order ako ulit pag naubos na tong batch na to,uulit ako mag order dito pag naubos na tong batch na to
0.8729,order ako ulit pag naubos na tong batch na to,uulitin ko mag order nito pag naubos na tong isang batch na nadeliver sa akin
0.9057,safe ang packaging kasi naka bubble wrap ng makapal,safe na safe ang parcel naka bubble wrap ng makapal
0.8874,safe ang packaging kasi naka bubble wrap ng makapal,secure na secure ang packaging naka bubble wrap ng makapal kaya walang yupi yung box
0.8501,safe ang packaging kasi naka bubble wrap ng makapal,secure na secure ang packaging naka tape ang takip at bubble wrap ng makapal
0.8785,nadeliver agad yung item kahit galing pa sa malayo,nadeliver agad yung item kahit galing pa sa malayo na warehouse
0.8627,nakuha ko na ang order at walang kahit anong damage,nakuha ko na ang order at walang kahit anong crack nung dumating
0.8918,nakuha ko na ang order at walang kahit anong damage,nakuha ko na yung order at walang kahit anong damage nung binuksan ko
0.9490,disappointed kasi may butas yung nadeliver sakin,disappointed kasi may butas yung tela nung nadeliver sakin
0.8834,disappointed kasi may butas yung nadeliver sakin,disappointed ako kasi may maliit na butas nung nadeliver sakin
0.9629,nadeliver yung parcel within three days lang ang bilis,nadeliver yung parcel within three days lang bilis talaga ng shipping
0.9677,nadeliver yung parcel within three days lang ang bilis,nadeliver yung parcel within three days lang bilis talaga
0.8586,mabilis dumating yung parcel at tamang gauge ang pinadala,mabilis dumating ang parcel at maayos ang pagkakabalot
0.8597,mabilis dumating yung parcel at tamang gauge ang pinadala,arrived na yung parcel at tama yung gauge na pinadala ni shop
0.8511,nakuha na ang order at maayos ang packaging ni seller,mabilis nadeliver yung parcel at maayos naman ang pagkaka pack ni seller
0.8694,nakuha na ang order at maayos ang packaging ni seller,agad dumating yung parcel at secured ang packaging ni seller
0.9013,nakuha na ang order at maayos ang packaging ni seller,nareceive ko na yung order at maayos naman ang packaging ni seller
0.8777,nakuha na ang order at maayos ang packaging ni seller,agad dumating ang parcel at secured ang packaging ni seller
0.8552,nakuha na ang order at maayos ang packaging ni seller,agad nadeliver ang parcel at secured ang pagkaka pack ni seller
0.9082,nakuha na ang order at maayos ang packaging ni seller,received ko na yung order at maayos ang packaging ni seller sa item
0.8744,nakuha na ang order at maayos ang packaging ni seller,received na ang parcel at napaka secured ng packaging ni seller
0.8606,nakuha na ang order at maayos ang packaging ni seller,mabilis nadeliver ang parcel at secured ang packaging ni seller
0.8627,nakuha na ang order at maayos ang packaging ni seller,safe na nadeliver ang parcel at secured ang packaging ni seller
0.8806,nakuha na ang order at maayos ang packaging ni seller,mabilis nadeliver ang parcel at maayos ang packaging ni seller
0.8683,nakuha na ang order at maayos ang packaging ni seller,mabilis nadeliver ang parcel at maayos ang pagkaka pack ni seller
0.8616,nakuha na ang order at maayos ang packaging ni seller,nakuha na ang order at tamang design ang pinadala ni seller sakin
0.8822,nakuha na ang order at maayos ang packaging ni seller,nadeliver na ang item at maayos naman ang pagkaka pack ni seller
0.9011,nakuha na ang order at maayos ang packaging ni seller,nadeliver na yung parcel at maayos naman ang packaging ni seller
0.8760,nakuha na ang order at maayos ang packaging ni seller,received ko na yung parcel at maayos naman ang pagkaka pack ni seller
0.8698,nakuha na ang order at maayos ang packaging ni seller,order ko na yung parcel at maayos naman ang pagkaka pack ni seller
0.8815,nakuha na ang order at maayos ang packaging ni seller,dumating na yung order kahapon at maayos naman ang packaging ni seller
0.8717,nadeliver yung item sa tamang oras at walang damage,dumating yung order sa tamang oras at walang damage
0.8746,super ganda nung color pink na nakuha ko napaka aesthetic,ganda nung color pink na nakuha ko napaka aesthetic tignan sa shelf
0.8663,sulit na budol to kasi ang daming laman sa isang pack,sulit na budol to kasi ang daming refill na kasama sa isang pack
0.8811,sulit na budol to kasi ang daming laman sa isang pack,sulit na budol to ang daming laman sa isang pack matagal maubos
0.8517,sulit na budol to kasi ang daming laman sa isang pack,sulit na sulit sa presyo ang dami na palang laman sa isang pack nito
0.8541,thank you seller complete ang items at walang damage ang foil,thank you seller kasi complete items at walang damage ang order ko
0.8541,thank you seller complete ang items at walang damage ang foil,thank you seller kasi complete items at walang damage ang order ko
0.8550,quality nung foil okay naman hindi sya madaling mapunit,okay yung quality nung tela hindi sya madaling mag himulmol agad
0.8599,secured ang bubble wrap sa labas at mabilis dumating ang parcel,secured ang item sa bubble wrap at mabilis nadeliver yung parcel
0.8553,secured ang bubble wrap sa labas at mabilis dumating ang parcel,bilis nadeliver ang parcel at maayos ang bubble wrap
0.8676,secured ang bubble wrap sa labas at mabilis dumating ang parcel,mabilis nadeliver ang parcel at balot na balot ng bubble wrap
0.8787,secured ang bubble wrap sa labas at mabilis dumating ang parcel,mabilis nadeliver ang parcel at maayos ang pagkaka bubble wrap
0.8787,secured ang bubble wrap sa labas at mabilis dumating ang parcel,mabilis nadeliver ang parcel at maayos ang pagkaka bubble wrap
0.8566,secured ang bubble wrap sa labas at mabilis dumating ang parcel,mabilis nadeliver ang parcel at balot na balot sa bubble wrap
0.9059,secured ang bubble wrap sa labas at mabilis dumating ang parcel,mabilis nadeliver ang parcel at secured ang bubble wrap
0.8749,secured ang bubble wrap sa labas at mabilis dumating ang parcel,mabilis dumating ang parcel at maayos ang pagkaka bubble wrap nito
0.8927,worth it ang price kasi makapal at hindi parang papel lang,worth it ang price nya dahil makapal ang fabric at hindi basta mapunit
0.8820,nakuha na yung parcel at maayos ang pagkakabalot sa box,received na ang parcel at maayos ang pagkaka bubble wrap nito
0.8611,nakuha na yung parcel at maayos ang pagkakabalot sa box,nakarating na yung parcel at maayos ang pagkaka pack ni shop
0.8626,nakuha na yung parcel at maayos ang pagkakabalot sa box,package received nadeliver yung parcel at maayos naman ang pagkaka bubble wrap
0.9045,nakuha na yung parcel at maayos ang pagkakabalot sa box,nakuha na yung parcel at maayos naman ang pagkaka sealed
0.8570,thank you seller sa maayos na packaging at secured yung items,thank you seller sa mabilis na ship out at secured packaging
0.8756,thank you seller sa maayos na packaging at secured yung items,thank you seller sa mabilis na delivery at maayos na packaging
0.8525,thank you seller sa maayos na packaging at secured yung items,salamat seller sa mabilis na delivery at maayos na package
0.8623,thank you seller sa maayos na packaging at secured yung items,thank you seller sa mabilis na shipping at secured na packaging nito
0.8661,thank you seller sa maayos na packaging at secured yung items,salamat seller sa mabilis na shipping at secured na item
0.8708,thank you seller sa maayos na packaging at secured yung items,thank you seller sa mabilis na delivery at maayos na packaging ng item ko
0.8922,thank you seller sa maayos na packaging at secured yung items,thank you seller sa mabilis na ship out at secure na packaging ng item
0.8736,thank you seller sa maayos na packaging at secured yung items,thank you seller sa mabilis na shipping at sa maayos na packaging
0.8893,safe na nadeliver ang parcel at walang damage nung binuksan,secured ang parcel nung dumating at walang kahit anong damage
0.8502,safe na nadeliver ang parcel at walang damage nung binuksan,maayos ang packaging at nadeliver naman ang item na walang damage
0.8502,safe na nadeliver ang parcel at walang damage nung binuksan,maayos ang packaging at nadeliver naman ang item na walang damage
0.8665,safe na nadeliver ang parcel at walang damage nung binuksan,secured ang packaging at nadeliver naman ang item na walang kahit anong damage
0.8502,safe na nadeliver ang parcel at walang damage nung binuksan,maayos ang packaging at nadeliver naman ang item na walang damage
0.8575,safe na nadeliver ang parcel at walang damage nung binuksan,secured ang packaging at nadeliver naman ang item na walang damage
0.8587,safe na nadeliver ang parcel at walang damage nung binuksan,maayos ang packaging at nadeliver naman ang item na walang kahit anong damage
0.8501,safe na nadeliver ang parcel at walang damage nung binuksan,maayos ang packaging at nadeliver nman ang item na walang kahit any damage
0.8955,grabe sobrang mahal ang shipping fee pero worth it naman ang quality,mejo mahal lang yung shipping fee pero keri na dahil sa quality
0.9478,grabe sobrang mahal ang shipping fee pero worth it naman ang quality,medyo mahal ang shipping fee pero worth it naman sa quality
0.9140,grabe sobrang mahal ang shipping fee pero worth it naman ang quality,mahal yung shipping fee pero okay lang kasi quality naman
0.8510,grabe sobrang mahal ang shipping fee pero worth it naman ang quality,medyo mahal yung shipping fee dahil malaki yung box pero worth it naman
0.8681,grabe sobrang mahal ang shipping fee pero worth it naman ang quality,medyo mahal yung shipping fee dahil malaki yung item pero worth it naman
0.9036,grabe sobrang mahal ang shipping fee pero worth it naman ang quality,medyo mahal ang shipping fee pero okay na rin maganda naman quality
0.8522,liwanag nung sticks lalo na yung green at blue na colors,malakas ang brightness nung mga leds lalo na yung white at blue
0.8536,ayos yung quality hindi sya tumatagas yung liquid sa loob,okay yung quality nung liquid hindi sya namumuo sa dispenser
0.8602,bakit parang luma na yung nakuha ko may mga dumi sa side,anyare bakit parang luma na yung nakuha ko may dumi sa dulo
0.9816,worth it ang price nya kesa bumili sa mall na sobrang mahal,worth it ang price nya kesa bumili sa mall na mahal
0.9847,worth it ang price nya kesa bumili sa mall na sobrang mahal,worth it ang price nya kesa bumili sa mall na sobrang mahal talaga
0.8505,worth it ang price nya kesa bumili sa mall na sobrang mahal,worth it ang price nya kesa bumili sa hardware na sobrang mahal
0.8851,worth it ang price nya kesa bumili sa mall na sobrang mahal,worth it ang price nya kesa bumili ng branded na sobrang mahal
0.9816,worth it ang price nya kesa bumili sa mall na sobrang mahal,worth it ang price nya kesa bumili sa mall na mahal
0.8980,worth it ang price nya kesa bumili sa mall na sobrang mahal,sulit ang bayad dito kesa bumili sa mall na sobrang mahal
0.8738,worth it ang price nya kesa bumili sa mall na sobrang mahal,worth it ang price nya kesa bumili sa airport na sobrang mahal talaga
0.9560,mabilis ang delivery at secured ang packaging ni seller,fast shipping at maayos ang packaging ni seller
0.9562,mabilis ang delivery at secured ang packaging ni seller,fast shipping at safe na safe ang packaging ni seller
0.8937,mabilis ang delivery at secured ang packaging ni seller,mabilis nadeliver yung parcel at maayos naman ang pagkaka pack ni seller
0.8996,mabilis ang delivery at secured ang packaging ni seller,agad dumating yung parcel at secured ang packaging ni seller
0.9074,mabilis ang delivery at secured ang packaging ni seller,agad dumating ang parcel at secured ang packaging ni seller
0.9022,mabilis ang delivery at secured ang packaging ni seller,agad nadeliver ang parcel at secured ang pagkaka pack ni seller
0.9621,mabilis ang delivery at secured ang packaging ni seller,mabilis nadeliver ang parcel at secured ang packaging ni seller
0.9164,mabilis ang delivery at secured ang packaging ni seller,safe na nadeliver ang parcel at secured ang packaging ni seller
0.9323,mabilis ang delivery at secured ang packaging ni seller,mabilis nadeliver ang parcel at maayos ang packaging ni seller
0.8611,mabilis ang delivery at secured ang packaging ni seller,mabilis dumating yung parcel at maayos ang packaging ni seller kanina
0.9264,mabilis ang delivery at secured ang packaging ni seller,bilis nadeliver nung parcel at secured ang packaging ni seller
0.8860,mabilis ang delivery at secured ang packaging ni seller,mabilis nadeliver ang parcel at maayos ang packaging ni seller kanina
0.9123,mabilis ang delivery at secured ang packaging ni seller,mabilis nadeliver ang parcel at maayos ang pagkaka pack ni seller
0.8619,mabilis ang delivery at secured ang packaging ni seller,thank you seller sa mabilis na shipping at secured na packaging nito
0.8704,manipis lang sya kaya hindi bulky dalhin sa bulsa,magaan lang yung kapal para hindi masyadong mabigat dalhin sa backpack
0.8917,mabilis maship out ang parcel at maayos ang condition,mabilis nadeliver ang parcel at maayos ang condition nung items
0.9432,mabilis maship out ang parcel at maayos ang condition,mabilis maship out ang parcel at maayos ang condition nung item
0.9354,medyo manipis yung material baka madaling mapunit pag pinilit,medyo manipis lang yung material baka madaling mabasag pag nahulog
0.8829,salamat sa mabilis na delivery at responsive na seller,thank you seller sa responsive na chat at mabilis na delivery
0.8886,salamat sa mabilis na delivery at responsive na seller,grateful kay seller sa mabilis na ship out at responsive na chat
0.8868,salamat sa mabilis na delivery at responsive na seller,salamat seller sa mabilis na ship out at responsive na chat
0.8858,salamat sa mabilis na delivery at responsive na seller,thank you seller sa mabilis na delivery at maayos na packaging
0.8895,salamat sa mabilis na delivery at responsive na seller,salamat seller sa mabilis na delivery at maayos na package
0.8769,salamat sa mabilis na delivery at responsive na seller,thank you seller sa mabilis na delivery at complete na order
0.8868,salamat sa mabilis na delivery at responsive na seller,salamat seller sa mabilis na ship out at responsive na chat
0.8602,salamat sa mabilis na delivery at responsive na seller,thank you seller sa mabilis na shipping at secured na packaging nito
0.8592,salamat sa mabilis na delivery at responsive na seller,salamat seller sa mabilis na shipping at secured na item
0.8744,salamat sa mabilis na delivery at responsive na seller,thank you seller sa mabilis na shipping at sa maayos na packaging
0.9248,hirap isara nung zipper pag puno na kailangan dahan dahan,mahirap isara nung zipper pag puno na yung bag kailangan dahan dahan
0.8742,dumating agad ang parcel at kompleto ang bilang ng bottles,mabilis dumating yung parcel at kompleto ang bilang nung set
0.8772,okay yung quality nung plastic hindi sya malutong tignan,ganda ng quality nung plastic hindi sya yung malutong na type
0.9008,okay yung quality nung plastic hindi sya malutong tignan,maganda ang quality nung plastic hindi sya mukhang madaling mabasag
0.8539,okay yung quality nung plastic hindi sya malutong tignan,okay ang quality nung glass hindi sya manipis na madaling mabasag
0.8820,okay yung quality nung plastic hindi sya malutong tignan,okay naman yung quality nung plastic hindi mukhang cheap tignan kahit mura lang yung presyo niya
0.8874,disappointed ako kasi mali yung size na pinadala ni shop,disappointed ako kasi mali yung color na pinadala ni shop sakin
0.8643,disappointed ako kasi sira yung screen nung dumating yung parcel,disappointed ako kasi punit na yung gilid nung dumating sakin yung parcel
0.8641,nakuha ko na yung order at saktong sakto ang lasa nya,received my order today at saktong sakto ang lasa nya
0.8783,mabilis dumating yung parcel at kompleto lahat ng order ko,bilis nadeliver ang parcel at complete ang refills na order ko
0.9108,bakit parang walang amoy nung binuksan ko yung pack,bakit parang kulang ng turnilyo nung binuksan ko na yung package
0.8582,sobrang sulit ang pagkakabili ko kasi ang daming laman nung pouch,sulit na sulit ang bayad ko ang dami palang laman nung pouch
0.8602,ship out ni seller agad kaya received ko na agad,bilis maship out ni seller kaya nakuha ko yung item agad
0.9163,ship out ni seller agad kaya received ko na agad,mabilis nag ship out si seller kaya nakuha ko agad yung parcel
0.8778,ship out ni seller agad kaya received ko na agad,mabilis maship out ni seller kaya nakuha ko agad order ko ngayon
0.8718,ship out ni seller agad kaya received ko na agad,mabilis maship out ni seller kaya nakuha ko agad order ko kanina
0.8622,ship out ni seller agad kaya received ko na agad,mabilis maship out ni seller kaya nakuha ko agad order ko sa kanya
0.9248,ship out ni seller agad kaya received ko na agad,mabilis na ship out ni seller kaya nareceive ko agad ngayon
0.8626,ship out ni seller agad kaya received ko na agad,mabilis naship out ni seller kaya nakuha ko agad yung order ko kahapon
0.8905,mabilis dumating ang order at secured ang packaging nito,mabilis dumating yung order ko at maayos ang packaging
0.8630,mabilis dumating ang order at secured ang packaging nito,dumating na yung parcel at secured ang packaging nito
0.8743,mabilis dumating ang order at secured ang packaging nito,mabilis dumating ang parcel at secure na secure ang packaging naka karton
0.8756,medyo mahal ang shipping pero okay lang kasi masarap naman,mejo mahal ang shipping pero okay lang kasi maganda yung unit
0.8648,medyo mahal ang shipping pero okay lang kasi masarap naman,medyo mahal ang shipping fee pero worth it naman sa quality
0.8993,medyo mahal ang shipping pero okay lang kasi masarap naman,mahal yung shipping fee pero okay lang kasi quality naman
0.8518,medyo mahal ang shipping pero okay lang kasi masarap naman,medyo mahal yung shipping fee pero okay lang kasi hindi naman nabibili sa grocery to
0.8588,medyo mahal ang shipping pero okay lang kasi masarap naman,medyo mahal yung shipping fee dahil malaki yung box pero worth it naman
0.8523,medyo mahal ang shipping pero okay lang kasi masarap naman,medyo mahal yung shipping fee dahil malaki yung item pero worth it naman
0.9084,medyo mahal ang shipping pero okay lang kasi masarap naman,medyo mahal ang shipping fee pero okay na rin kasi maganda item
0.8976,medyo mahal ang shipping pero okay lang kasi masarap naman,medyo mahal ang shipping fee pero okay na rin kasi maganda ang item
0.9125,medyo mahal ang shipping pero okay lang kasi masarap naman,medyo mahal ang shipping fee pero okay na rin maganda naman quality
0.8504,medyo mahal ang shipping pero okay lang kasi masarap naman,medyo mahal ang shipping fee pero keri lang kasi safe yung item
0.9660,nadeliver na yung item at tamang variation ang nakuha ko,received ko na yung item at tamang variation ang pinadala
0.9428,nadeliver na yung item at tamang variation ang nakuha ko,item ay nakuha na at tamang variation ang pinadala sakin
0.8611,nadeliver na yung item at tamang variation ang nakuha ko,received ko na yung order at tamang variation ang pinadala sakin
0.9664,nadeliver na yung item at tamang variation ang nakuha ko,nakuha ko na yung item at tamang variation ang pinadala sakin
0.9048,nadeliver na yung item at tamang variation ang nakuha ko,nakuha ko na yung item at tamang variation ang pinadala ni seller sakin
0.8677,nadeliver na yung item at tamang variation ang nakuha ko,nakuha ko na yung order at tamang variation ang pinadala
0.9487,packaging is very good at walang yupi yung box sa loob,packaging is very good at walang tumapon na lupa sa loob ng box
0.8516,packaging is very good at walang yupi yung box sa loob,packaging is good at makapal ang bubble wrap sa loob nung box
0.9699,packaging is very good at walang yupi yung box sa loob,packaging is very good at walang kahit anong yupi yung box
0.8964,packaging is very good at walang yupi yung box sa loob,packaging is very good at walang kahit anong gasgas yung item
0.8617,packaging is very good at walang yupi yung box sa loob,packaging is very good at makapal ang bubble wrap sa box
0.8617,packaging is very good at walang yupi yung box sa loob,packaging is very good at makapal ang bubble wrap sa box
0.9446,packaging is very good at walang yupi yung box sa loob,packaging is very good at walang kahit anong yupi yung box nung dumating
0.8617,packaging is very good at walang yupi yung box sa loob,packaging is very good at makapal ang bubble wrap sa box
0.8617,packaging is very good at walang yupi yung box sa loob,packaging is very good at makapal ang bubble wrap sa box
0.8754,packaging is very good at walang yupi yung box sa loob,packaging is good at walang yupi yung box nung dumating sa amin
0.8763,thanks to seller sa mabilis na ship out at quality nuts,salamat po seller for the fast shipping at quality na product
0.8759,thanks to seller sa mabilis na ship out at quality nuts,salamat seller sa mabilis na ship out at quality na item
0.8982,thanks to seller sa mabilis na ship out at quality nuts,thank you seller sa mabilis na ship out at quality na product
0.8649,thanks to seller sa mabilis na ship out at quality nuts,salamat po seller sa mabilis na ship out at quality na item na nakuha
0.8732,thanks to seller sa mabilis na ship out at quality nuts,salamat seller sa mabilis na ship out at quality na item na to
0.8663,thanks to seller sa mabilis na ship out at quality nuts,salamat po seller sa mabilis na ship out at quality na product ito
0.8788,sana laging ganito ang quality nung mga nuts sa shop na to,sana laging ganito ang quality nung mga items sa shop na to
0.8958,sana laging ganito ang quality nung mga nuts sa shop na to,sana laging ganito ang quality nung mga products sa shop na to
0.8958,sana laging ganito ang quality nung mga nuts sa shop na to,sana laging ganito ang quality nung mga products sa shop na to
0.8560,super fast delivery at secured ang bubble wrap ni seller,mabilis naship ni seller at secured yung packaging naka bubble wrap ng makapal
0.8598,nadeliver na yung parcel at walang kahit anong dumi sa box,nadeliver yung parcel on time at walang kahit anong dumi sa cover
0.8652,order ako ulit sa susunod para sa birthday ng anak ko,order ako ulit nung pink color naman para sa anak ko next time
0.8681,order ako ulit sa susunod para sa birthday ng anak ko,order uli ako ng isa pa para naman sa birthday party ng pinsan ko
0.8529,nakuha ko na yung order at tama naman lahat ng variations na pinadala,nakuha ko na yung order at tamang variation ang pinadala ni seller
0.8824,nakuha ko na yung order at tama naman lahat ng variations na pinadala,tanggap ko na yung order at tamang variation ang pinadala sakin
0.9113,nakuha ko na yung order at tama naman lahat ng variations na pinadala,received ko na yung order at tamang variation ang pinadala sakin
0.9213,nakuha ko na yung order at tama naman lahat ng variations na pinadala,nakuha ko na yung order at tamang variation ang pinadala
0.8529,nakuha ko na yung order at tama naman lahat ng variations na pinadala,nakuha ko na yung order at tamang variation ang pinadala ni seller
0.8642,nadeliver na yung parcel at secured na secured ang pagkaka bubble wrap,received na ang parcel at maayos ang pagkaka bubble wrap nito
0.8699,nadeliver na yung parcel at secured na secured ang pagkaka bubble wrap,mabilis nadeliver ang parcel at maayos ang pagkaka bubble wrap
0.8699,nadeliver na yung parcel at secured na secured ang pagkaka bubble wrap,mabilis nadeliver ang parcel at maayos ang pagkaka bubble wrap
0.9112,nadeliver na yung parcel at secured na secured ang pagkaka bubble wrap,mabilis nadeliver ang parcel at secured ang bubble wrap
0.8530,nadeliver na yung parcel at secured na secured ang pagkaka bubble wrap,nadeliver ang parcel on time at maayos ang pagkaka bubble wrap
0.8603,nadeliver na yung parcel at secured na secured ang pagkaka bubble wrap,mabilis nadeliver ang parcel at secured ang item sa bubble wrap
0.8874,nadeliver na yung parcel at secured na secured ang pagkaka bubble wrap,package received nadeliver yung parcel at maayos naman ang pagkaka bubble wrap
0.8519,nadeliver na yung parcel at secured na secured ang pagkaka bubble wrap,nadeliver na ang item at balot naman sa bubble wrap ang package nito
0.8553,bibili ako ulit dito sa shop na to pag naubosan na ako ng stocks,bibili uli ako sa shop na to pag kailangan na ng bago
0.8750,bibili ako ulit dito sa shop na to pag naubosan na ako ng stocks,bibili ulit ako dito sa susunod kapag naubos na yung stock ko ng mga pamalo
0.9404,thanks seller sa responsive na chat bago ko pinindot ang checkout,thank you seller sa responsive na chat bago ko binili to
0.9100,value for money sya kesa sa mga branded na sobrang mahal naman,worth it ang price nya kesa sa mga branded na sobrang mahal
0.8569,value for money sya kesa sa mga branded na sobrang mahal naman,worth it ang price nya kesa bumili ng branded na sobrang mahal
0.9003,secured ang packaging at nakarating ang item na walang kahit anong gasgas,secured ang packaging at walang kahit anong gasgas nung nakuha
0.9235,secured ang packaging at nakarating ang item na walang kahit anong gasgas,secured ang packaging at dumating ang item na walang kahit anong damage
0.8997,secured ang packaging at nakarating ang item na walang kahit anong gasgas,secured ang packaging at nadeliver naman ang item na walang kahit anong damage
0.8975,secured ang packaging at nakarating ang item na walang kahit anong gasgas,secured ang packaging at nadeliver naman ang item na walang damage
0.8991,buy uli ako nung mas malaking size next time pag may budget na,bibili ako ulit nung mas malaking size next time pag may sale
0.8762,buy uli ako nung mas malaking size next time pag may budget na,bibili ako ulit ng ibang design sa susunod kapag may budget na ulit ako
0.8670,uulit ako mag order dito pag naubos na tong isang roll na to,uulit ako mag order dito pag naubos na tong isang sako ko
0.8884,uulit ako mag order dito pag naubos na tong isang roll na to,uulit ako mag order dito pag naubos na tong batch na to
0.8767,uulit ako mag order dito pag naubos na tong isang roll na to,uulit ako mag order dito pag naubos na tong isang tube ko
0.8863,uulit ako mag order dito pag naubos na tong isang roll na to,uulit ako mag order dito pag naubos na tong isang bote
0.8917,bilis nadeliver ang order at secured ang plastic box sa bubble wrap,mabilis dumating ang order at balot na balot ng bubble wrap ang box
0.8660,bilis nadeliver ang order at secured ang plastic box sa bubble wrap,mabilis nadeliver ang parcel at balot na balot sa bubble wrap
0.8673,bilis nadeliver ang order at secured ang plastic box sa bubble wrap,mabilis nadeliver ang parcel at secured ang bubble wrap
0.8574,bilis nadeliver ang order at secured ang plastic box sa bubble wrap,mabilis nadeliver ang parcel at secured ang item sa bubble wrap
0.8892,bilis nadeliver ang order at secured ang plastic box sa bubble wrap,bilis dumating ng order at secure na secure ang packaging naka bubble wrap
0.8784,bilis nadeliver ang order at secured ang plastic box sa bubble wrap,mabilis dumating ang order at secure ang packaging naka karton pa at bubble wrap
0.8534,ty seller sa mabilis na transaction at complete na items na dumating,salamat seller sa mabilis na transaction at complete items
0.8534,ty seller sa mabilis na transaction at complete na items na dumating,salamat seller sa mabilis na transaction at complete items
0.8534,ty seller sa mabilis na transaction at complete na items na dumating,salamat seller sa mabilis na transaction at complete items
0.8534,ty seller sa mabilis na transaction at complete na items na dumating,salamat seller sa mabilis na transaction at complete items
0.8513,ty seller sa mabilis na transaction at complete na items na dumating,salamat seller sa mabilis na transaction at complete items sa loob
0.8534,ty seller sa mabilis na transaction at complete na items na dumating,salamat seller sa mabilis na transaction at complete items
0.8534,ty seller sa mabilis na transaction at complete na items na dumating,salamat seller sa mabilis na transaction at complete items
0.8615,ty seller sa mabilis na transaction at complete na items na dumating,salamat seller sa mabilis na transaction at complete items na nakuha
0.8868,ship out agad ni seller kaya nadeliver yung parcel in three days,ship out ni seller agad kaya nadeliver yung item within two days
0.8817,yupi yung box nung dumating pero hindi naman naapektuhan ang item,yupi yung box nung dumating pero okay lang kasi hindi naman damage item
0.8712,packaging is good at secured yung item sa loob ng bubble wrap,packaging is good at makapal ang bubble wrap sa loob
0.8823,packaging is good at secured yung item sa loob ng bubble wrap,maayos ang packaging at secured ang bawat piraso sa loob ng bubble wrap
0.8936,packaging is good at secured yung item sa loob ng bubble wrap,packaging is good at makapal ang bubble wrap sa loob nung box
0.9445,packaging is good at secured yung item sa loob ng bubble wrap,secure yung item sa loob nung bubble wrap at very good ang packaging
0.8891,packaging is good at secured yung item sa loob ng bubble wrap,packaging is good at secured ang bawat bumbilya sa bubble wrap
0.9170,packaging is good at secured yung item sa loob ng bubble wrap,packaging is good at secured yung item sa loob nung box
0.8516,packaging is good at secured yung item sa loob ng bubble wrap,packaging is very good at makapal ang bubble wrap sa box
0.8516,packaging is good at secured yung item sa loob ng bubble wrap,packaging is very good at makapal ang bubble wrap sa box
0.8602,packaging is good at secured yung item sa loob ng bubble wrap,maayos ang packaging at secured ang item sa loob nung box
0.8616,packaging is good at secured yung item sa loob ng bubble wrap,okay ang packaging at secured yung item sa loob nung box
0.8516,packaging is good at secured yung item sa loob ng bubble wrap,packaging is very good at makapal ang bubble wrap sa box
0.8602,packaging is good at secured yung item sa loob ng bubble wrap,maayos ang packaging at secured ang item sa loob nung box
0.8898,packaging is good at secured yung item sa loob ng bubble wrap,packaging is very good at makapal ang bubble wrap sa box nung item
0.8516,packaging is good at secured yung item sa loob ng bubble wrap,packaging is very good at makapal ang bubble wrap sa box
0.9138,packaging is good at secured yung item sa loob ng bubble wrap,packaging is good at secured ang item sa loob nung box
0.8898,packaging is good at secured yung item sa loob ng bubble wrap,packaging is very good at makapal ang bubble wrap sa box nung item
0.9629,packaging is good at secured yung item sa loob ng bubble wrap,maayos yung packaging at secured ang item sa loob nung bubble wrap
0.9494,packaging is good at secured yung item sa loob ng bubble wrap,maayos ang packaging at secured ang item sa loob nung bubble wrap
0.8898,packaging is good at secured yung item sa loob ng bubble wrap,packaging is very good at makapal ang bubble wrap sa box nung item
0.8628,packaging is good at secured yung item sa loob ng bubble wrap,secure na secure ang item naka box at bubble wrap kaya safe na safe
0.8641,packaging is good at secured yung item sa loob ng bubble wrap,maganda yung packaging naka bubble wrap ng makapal kaya safe na nakarating yung item
0.8595,uulit ako mag order dito pag naubos na tong isang gallon,uulit ako mag order dito pag naubos na tong isang bote
0.8521,packaging is very secured no leaks at all nung dumating sa akin,packaging is very secured at walang kahit anong gasgas nung nakuha
0.8948,worth the price kasi makapal yung fabric at hindi agad nasusunog,worth it ang price nya dahil makapal ang fabric at hindi basta mapunit
0.8748,nakuha ko na yung order at tamang pattern ang pinadala nyo,received ko na yung order at tamang variation ang pinadala sakin
0.8796,nakuha ko na yung order at tamang pattern ang pinadala nyo,nakuha ko na yung order at tamang variation ang pinadala
0.9094,mabilis lang dumating yung item at maayos ang packaging ni shop,mabilis nadeliver yung parcel at maayos ang packaging ni shop
0.8762,mabilis lang dumating yung item at maayos ang packaging ni shop,bilis nadeliver yung parcel at maayos ang pagkaka pack ni shop
0.8821,mabilis lang dumating yung item at maayos ang packaging ni shop,nadeliver agad yung parcel at maayos ang pagkaka pack ni shop
0.9034,mabilis lang dumating yung item at maayos ang packaging ni shop,bilis dumating nung parcel at maayos ang pagkaka pack ni shop
0.9023,mabilis lang dumating yung item at maayos ang packaging ni shop,mabilis nadeliver ang parcel at maayos ang packaging ni shop
0.9111,mabilis lang dumating yung item at maayos ang packaging ni shop,mabilis dumating yung parcel at secured ang packaging ni shop sa item
0.8611,saktong sakto ang size para dalhin sa bag tuwing may pasok,sukat nya saktong sakto para dalhin kahit saan sa loob ng bag
0.8503,saktong sakto ang size para dalhin sa bag tuwing may pasok,saktong sakto yung size para isingit sa bag pag may travels kami
0.9018,saktong sakto ang size para dalhin sa bag tuwing may pasok,sapat na yung size para dalhin sa bag tuwing may pasok sa office
0.8513,maganda quality nung adhesive hindi nag iwan ng residue sa tela,ganda nung quality nung tape hindi sya nag iiwan ng residue sa wall
0.8612,received on time at walang kahit anong damage nung binuksan ko,nakuha ko na yung order at walang kahit anong damage nung binuksan ko
0.8749,amoy matapang na kemikal nung binuksan ko yung pen pero okay lang,amoy matapang na kemikal nung binuksan ko yung box pero keri lang
0.8576,ang bilis nadeliver ang order ko within two days lang nakuha ko na,nadeliver ang parcel within 2 days lang received ko na agad
0.9284,ang bilis nadeliver ang order ko within two days lang nakuha ko na,nadeliver yung order within two days lang nakuha ko na agad
0.9286,ang bilis nadeliver ang order ko within two days lang nakuha ko na,ang bilis dumating ng order ko two days lang nasa akin na
0.9031,ang bilis nadeliver ang order ko within two days lang nakuha ko na,ang bilis dumating ng order ko 2 days lang nasa bahay na agad
0.9093,i hope tumagal yung shelf life nito at hindi agad matuyo sa loob,i hope tumagal yung shelf life nito at hindi agad mapanis yung oil
0.8876,item received and saktong sakto sa description na nakalagay sa shop,received na ang parcel at saktong sakto sa description sa shop
0.9492,item received and saktong sakto sa description na nakalagay sa shop,item received na kanina at saktong sakto sa description nung shop
0.8530,budol finds to kasi mura na tapos ang ganda pa ng material,budol finds uli kasi napaka mura na tapos ang ganda pa ng quality
0.8578,presyong sulit talaga para sa mga nagtitipid na gaya ko,presyong sulit para sa mga nagtitipid na gaya ko na gusto ng ayos
0.8578,presyong sulit talaga para sa mga nagtitipid na gaya ko,presyong sulit para sa mga nagtitipid na gaya ko na gusto ng ayos
0.8578,presyong sulit talaga para sa mga nagtitipid na gaya ko,presyong sulit para sa mga nagtitipid na gaya ko na gusto ng ayos
0.8686,amoy bakal yung tubig nung una pero nawala din after 1 week,may amoy kemikal nung una pero nawala din after 1 hour
0.9323,agad nadeliver ang order at tamang design ang pinadala ni seller,nakuha na ang order at tamang design ang pinadala ni seller sakin
0.8538,medyo manipis lang yung plastic material pero okay na for the price,medyo mahal siya para sa plastic lang pero okay na rin kasi makapal naman yung material
0.8616,diko alam bakit parang may mantsa yung gilid nung binuksan ko yung pack,ano ba yan parang may mantsa yung gilid nung binuksan ko yung pack
0.8845,uulit ako mag order ng ibang kulay naman para may pamalit kami,order uli ako ng ibang kulay para may pamalit ako tuwing gabi
0.8605,bilis ng delivery at responsive si seller sa mga chat ko,responsive si seller sa chat at mabilis magpadala ng order kaya dito na ako
0.8821,bilis ng delivery at responsive si seller sa mga chat ko,responsive si seller sa chat at mabilis sumagot sa mga tanong ko salamat
0.8627,bilis ng delivery at responsive si seller sa mga chat ko,maayos kausap si seller at mabilis mag reply sa mga tanong ko sa chat
0.8669,agad dumating yung item earlier than expected at walang damage,nadeliver yung item earlier than expected at walang damage sa box
0.9279,agad dumating yung item earlier than expected at walang damage,nadeliver yung item earlier than expected at walang damage
0.9640,agad dumating yung item earlier than expected at walang damage,nadeliver agad yung item earlier than expected at walang damage
0.9462,basag yung glass nung nakuha ko yung parcel kaya disappoint ako,basag yung glass nung nakuha ko sa parcel disappoint ako sobra
0.9359,amoy bago yung item at wala syang kahit anong gasgas nung dumating,amoy bago yung unit at wala syang kahit anong gasgas nung dumating
0.9505,order uli ako para sa bawat banyo dito sa buong bahay,order uli ako para sa lahat ng banyo sa bahay namin
0.8661,saktong sakto yung size para sa indoor plants ko sa kwarto,saktong sakto yung size para sa mga gadgets ko sa kwarto
0.9331,bakit parang maliit yung medium size nila compare sa picture sa shop,bakit parang maliit yung large size nila compare sa picture sa shop
0.8824,nadeliver ang item na walang damage at kompleto yung mga accessories,nadeliver yung parcel na walang damage at kompleto ang mga parts
0.8782,i will order uli ako ng marami para sa lahat ng herbs ko sa kitchen,uulit ako mag order para sa lahat ng saksakan sa kusina
0.8706,gumagana naman yung timer pero minsan nag r-reset mag isa,hinde gumagana yung timer nya minsan nag r-reset mag isa
0.8626,budol find uli kasi ang mura na tapos ang ganda pa ng build,budol finds uli kasi napaka mura na tapos ang ganda pa ng performance
0.8541,budol find uli kasi ang mura na tapos ang ganda pa ng build,budol finds uli dahil ang mura na tapos ang ganda pa ng print
0.8824,budol find uli kasi ang mura na tapos ang ganda pa ng build,budol find uli kasi napaka mura na tapos ang ganda pa ng quality
0.8648,budol find uli kasi ang mura na tapos ang ganda pa ng build,budol finds uli kasi napaka mura na tapos ang ganda pa ng quality
0.8626,budol find uli kasi ang mura na tapos ang ganda pa ng build,budol finds uli kasi napaka mura na tapos ang ganda pa ng performance
0.9009,good quality yung material hindi sya mukhang madaling mabasag,ganda ng quality nung material mukhang hindi agad kakalawangin
0.8634,good quality yung material hindi sya mukhang madaling mabasag,maganda ang quality nung plastic hindi sya mukhang madaling mabasag
0.9638,sana tumagal to at hindi agad mapundi yung mga led bulbs,sana tumagal to at hindi agad mapundi yung mga led lights
0.9131,sana tumagal to at hindi agad mapundi yung mga led bulbs,sana tumagal to at hindi agad mapundi yung mga led
0.8768,budol finds to kasi napaka aesthetic nung design para sa garden,budol finds to kasi napaka aesthetic nung design sa sala namin
0.8827,mahina yung grip nung handle medyo madulas pag basa ang kamay,mahina yung grip nung handle madaling madulas sa kamay kahit hinde pawis
0.8546,disappointed kasi may gasgas yung pintura nung nadeliver sakin,disappointed kasi may butas yung tela nung nadeliver sakin
0.9345,packaging is very secured at walang kahit anong damage sa unit,safe ang packaging at walang kahit anong damage sa unit
0.8501,worth it ang bayad dito kasi mukhang tatagal to ng ilang taon,worth it yung price niya kasi mukhang matibay naman at tatagal ng ilang taon na gamitan
0.8655,okay yung quality nung finish hindi sya basta basta nagbabakbak,okay ang quality nito hindi sya basta basta kumukupas pag basa
0.8561,i was surprised na ganito kabigat yung material nya very heavy duty,nagulat ako na ganito kabigat yung unit halatang heavy duty sya
0.8588,mabilis maship out ang item within two days lang nakuha ko na agad,mabilis yung delivery at nakuha ko agad yung item in two days
0.8794,mabilis maship out ang item within two days lang nakuha ko na agad,received ko na yung item within two days lang ang bilis
0.8789,may kasama na syang travel pouch kaya madaling dalhin kahit saan,may kasama nang portable case kaya madaling dalhin kahit saan kami magpunta
0.8948,nadeliver yung order earlier than expected at working naman lahat,nadeliver ang item earlier than expected at working naman lahat
0.8948,nadeliver yung order earlier than expected at working naman lahat,nadeliver ang item earlier than expected at working naman lahat
0.9096,nadeliver yung order earlier than expected at working naman lahat,nadeliver yung order earlier than expected at working naman lahat units
0.8503,nadeliver yung order earlier than expected at working naman lahat,nadeliver na yung item earlier than expected at working naman
0.8701,ganda nung build quality nya hindi sya mukhang laruan lang tignan,astig yung build quality nung pen hindi sya mukhang laruan
0.8516,bilis nadeliver ang parcel at working naman yung sensor nung tinry ko,nadeliver na yung parcel at working naman yung sensor
0.8533,bilis nadeliver ang parcel at working naman yung sensor nung tinry ko,mabilis nadeliver ang parcel at working naman lahat nung tinry ko
0.8902,uulit ako mag order nito para naman sa likod ng bahay namin sa probinsya,uulit ako mag order para naman sa likod ng bahay namin
0.8752,on time dumating ang parcel at maayos naman ang condition nung item,mabilis nadeliver ang parcel at maayos ang condition nung items
0.9011,on time dumating ang parcel at maayos naman ang condition nung item,dumating ang order sa tamang oras at maayos naman ang condition nung item
0.8611,safe ang packaging at secured ang item sa loob nung plastic bag,packaging is good at secured yung item sa loob nung box
0.8900,safe ang packaging at secured ang item sa loob nung plastic bag,maayos ang packaging at secured ang item sa loob nung box
0.8745,safe ang packaging at secured ang item sa loob nung plastic bag,okay ang packaging at secured yung item sa loob nung box
0.8900,safe ang packaging at secured ang item sa loob nung plastic bag,maayos ang packaging at secured ang item sa loob nung box
0.8673,safe ang packaging at secured ang item sa loob nung plastic bag,packaging is good at secured ang item sa loob nung box
0.8602,mabilis nadeliver ang parcel at secured ang bawat part sa loob ng box,mabilis nadeliver ang parcel at secured ang bawat deck ng cards
0.9468,mabilis nadeliver ang parcel at secured ang bawat part sa loob ng box,mabilis nadeliver ang parcel at secured ang bawat kanto nung box
0.8516,mabilis nadeliver ang parcel at secured ang bawat part sa loob ng box,mabilis dumating ang parcel at secure na secure ang packaging naka karton
0.8622,salamat po seller sa mabilis na ship out umabot bago ang setup ko,salamat po seller sa mabilis na ship out nakuha ko agad order ko
0.8523,salamat po seller sa mabilis na ship out umabot bago ang setup ko,thank you seller sa mabilis na ship out nakuha ko bago mag weekend
0.8533,salamat po seller sa mabilis na ship out umabot bago ang setup ko,thank you seller sa mabilis na ship out nakuha ko agad order ko
0.8707,salamat po seller sa mabilis na ship out umabot bago ang setup ko,thank you seller sa mabilis na ship out umabot bago ang gala namin
0.8515,salamat po seller sa mabilis na ship out umabot bago ang setup ko,salamat po seller sa mabilis na ship out nakuha ko agad
0.8622,salamat po seller sa mabilis na ship out umabot bago ang setup ko,salamat po seller sa mabilis na ship out nakuha ko agad order ko
0.8632,salamat po seller sa mabilis na ship out umabot bago ang setup ko,thank you seller sa mabilis na ship out sakto sa paggawa ko
0.8655,salamat po seller sa mabilis na ship out umabot bago ang setup ko,thank you seller sa mabilis na shipping nakuha ko agad bago mag session
0.8523,salamat seller sa mabilis na delivery at complete na screws,salamat seller sa mabilis na transaction at complete items
0.9890,salamat seller sa mabilis na delivery at complete na screws,thank you seller sa mabilis na delivery at complete na screws
0.8636,salamat seller sa mabilis na delivery at complete na screws,salamat seller sa mabilis na delivery at maayos na package
0.8523,salamat seller sa mabilis na delivery at complete na screws,salamat seller sa mabilis na transaction at complete items
0.8523,salamat seller sa mabilis na delivery at complete na screws,salamat seller sa mabilis na transaction at complete items
0.8523,salamat seller sa mabilis na delivery at complete na screws,salamat seller sa mabilis na transaction at complete items
0.8860,salamat seller sa mabilis na delivery at complete na screws,thank you seller sa mabilis na delivery at complete na order
0.8544,salamat seller sa mabilis na delivery at complete na screws,salamat seller sa mabilis na transaction at complete items na nakuha
0.8502,salamat seller sa mabilis na delivery at complete na screws,salamat seller sa mabilis na shipping at secured na item
0.8716,akala ko maliit lang pero malaki pala sya sa personal kesa sa picture,medyo maliit lang pala sya sa personal akala ko malaki base sa picture
0.8510,akala ko maliit lang pero malaki pala sya sa personal kesa sa picture,maliit lang pala sya sa personal akala ko malaki base sa pictures
0.9127,wrap is good at secured ang item nung nadeliver sa amin,maayos ang packaging at secured ang item nung nadeliver sa amin
0.9207,wrap is good at secured ang item nung nadeliver sa amin,packaging is very good at secured ang item nung nadeliver sa amin
0.8624,sana tumagal yung pintura at hindi agad mangalawang yung tray,sana tumagal to at hindi agad mabakbak yung pintura sa gilid
0.8536,item received in good condition at napaka responsive ni seller sa chat,received the item in good condition at napaka responsive ni seller
0.8536,item received in good condition at napaka responsive ni seller sa chat,received the item in good condition at napaka responsive ni seller
0.9799,item received in good condition at napaka responsive ni seller sa chat,received the item in good condition at napaka responsive ni seller sa chat
0.8885,item received in good condition at napaka responsive ni seller sa chat,item received in good condition at napaka responsive ni seller
0.8625,thumbs up seller sa mabilis na ship out at quality na item na to,salamat seller sa mabilis na ship out at quality na item na to
0.8579,nakuha na ang order at working lahat nung lights nung tinest ko,received ko na yung order at working naman lahat nung tinest
0.8900,nakuha na ang order at working lahat nung lights nung tinest ko,nakuha ko na yung order at working naman lahat nung tinest ko
0.8778,nakarating ang order na walang damage at maayos ang package,nadeliver yung parcel na walang damage at maayos ang pagkaka pack
0.8778,nakarating ang order na walang damage at maayos ang package,nadeliver yung parcel na walang damage at maayos ang pagkaka pack
0.8660,nakarating ang order na walang damage at maayos ang package,maayos ang packaging at nadeliver naman ang item na walang damage
0.8660,nakarating ang order na walang damage at maayos ang package,maayos ang packaging at nadeliver naman ang item na walang damage
0.8660,nakarating ang order na walang damage at maayos ang package,maayos ang packaging at nadeliver naman ang item na walang damage
0.8667,nakarating ang order na walang damage at maayos ang package,maayos ang packaging at nadeliver naman ang item na walang kahit anong damage
0.8645,nakarating ang order na walang damage at maayos ang package,maayos ang packaging at nadeliver nman ang item na walang damage
0.8601,nakarating ang order na walang damage at maayos ang package,maayos ang packaging at nadeliver nman ang item na walang kahit any damage
0.8630,nakarating ang order na walang damage at maayos ang package,mabilis dumating yung order ko well packaged at walang damage yung item
0.8630,nakarating ang order na walang damage at maayos ang package,mabilis dumating yung order ko well packaged at walang damage yung item
0.8921,nakuha ko na yung parcel at walang kahit anong damage nung binuksan,nakuha ko na yung order at walang kahit anong damage nung binuksan ko
0.8503,worth it ang price nya dahil napaka ganda nung finish nung metal,worth it ang bayad dahil napaka ganda nung finish nung mic
0.8547,mabilis nadeliver yung order ko thank you so much seller,thank you seller sa mabilis na ship out nakuha ko agad order ko
0.8505,mabilis nadeliver yung order ko thank you so much seller,maraming salamat seller sa mabilis na ship out nakuha ko agad order ko ngayon
0.8569,mabilis nadeliver yung order ko thank you so much seller,mabilis dumating ang order ko salamat seller at sa naghatid nito kanina
0.8764,mabilis nadeliver yung order ko thank you so much seller,mabilis naipadala ni seller yung order ko kaya natanggap ko agad thanks
0.8590,galing ng packaging ni seller talagang secured ang bawat piraso,galing nung packaging ni seller talagang safe na makakarating ang item
0.9448,galing ng packaging ni seller talagang secured ang bawat piraso,galing nung packaging ni seller talagang secured ang bawat kanto
0.9407,galing ng packaging ni seller talagang secured ang bawat piraso,galing nung packaging ni seller talagang secured ang bawat kanto nito
0.9011,uulit ako bumili nito para naman sa regalo ko sa parents ko,bibili ako ulit para naman sa regalo ko sa tatay ko
0.9191,uulit ako bumili nito para naman sa regalo ko sa parents ko,uulit ako bumili nito para naman sa regalo ko sa lola ko
0.9296,nakuha ko na yung item at saktong sakto sa description,tanggap ko na yung item at saktong sakto sa description na nakalagay
0.9818,nakuha ko na yung item at saktong sakto sa description,nakuha ko na ang item at saktong sakto sa description na nakalagay
0.9237,nakuha ko na yung item at saktong sakto sa description,nakuha ko na ang item kanina saktong sakto sa description
0.8658,nakuha ko na yung item at saktong sakto sa description,nakuha ko na yung order at saktong sakto sa description na nakalagay dun
0.9166,nakuha ko na yung item at saktong sakto sa description,nakuha ko na ang item kanina at saktong sakto sa description na nakapost
0.9541,nakuha ko na yung item at saktong sakto sa description,nakuha ko na ang item kanina at saktong sakto sa description
0.8700,nakuha ko na yung item at saktong sakto sa description,nakuha ko na yung order at saktong sakto sa description na nakalagay
0.8658,nakuha ko na yung item at saktong sakto sa description,nakuha ko na yung order at saktong sakto sa description na nakalagay dun
0.8882,worth the price dahil napaka useful nya sa mga electric fan,talagang worth the price dahil napaka useful nya sa mga electronics
0.8749,sapat lang yung quality para sa presyo nya nung sale,sapat na yung quality para sa presyo nya nung flash sale
0.9097,sapat lang yung quality para sa presyo nya nung sale,sapat na yung quality para sa presyo nya nung sale ko binili
0.8992,sapat lang yung quality para sa presyo nya nung sale,sapat na yung quality para sa presyo nya nung sale ko ito binili
0.9584,nakuha ko na yung order at kompleto ang usb cable sa box,nakuha ko na yung order at kompleto ang usb cable sa loob
0.9089,nakuha ko na yung order at kompleto ang usb cable sa box,nakuha ko na yung order at kompleto ang usb cable para sa charging
0.9347,worth it ang price nya kesa bumili ng hiwa hiwalay,worth it ang bayad dito kesa bumili ng hiwa hiwalay na mahal ang price
0.9856,diko inexpect na ganito sya kaliit sa personal pero okay na,diko inexpect na ganito sya kalaki sa personal pero okay na din
0.8600,saktong sakto yung dami para sa mga beginner na gaya ko,sakto lang yung bigat para sa beginners na katulad ko na nag start pa lang magbuhat
0.8569,binalot ni seller ng makapal na bubble wrap kaya walang yupi,binalot ni seller ng makapal na bubble wrap kaya safe ang item
0.9477,binalot ni seller ng makapal na bubble wrap kaya walang yupi,binalot ni seller ng makapal na bubble wrap kaya walang yupi yung pump
0.8689,binalot ni seller ng makapal na bubble wrap kaya walang yupi,binalot ni seller ng makapal na bubble wrap kaya safe ang parcel
0.8569,binalot ni seller ng makapal na bubble wrap kaya walang yupi,binalot ni seller ng makapal na bubble wrap kaya safe ang item
0.8570,bakit parang manipis masyado yung board baka madaling mabali,parang manipis masyado yung board baka madaling mabali pag nabasa
0.9041,worth it ang price nya dahil sa quality nung cloth material,worth it ang price nya dahil sa durability nung materyales
0.8644,sarsat ang balot ni seller kaya safe na safe ang items sa loob,binalot naman ni seller ng maayos kaya secured ang item sa loob
0.9765,packaging is very secured with cardboard and bubble wrap inside,packaging is very secured with cardboard and bubble wrap inside the bag
0.9001,packaging is very secured with cardboard and bubble wrap inside,packaging is very secured with bubble wrap inside the parcel
0.8560,packaging is very secured with cardboard and bubble wrap inside,sobrang secured ng packaging naka karton at bubble wrap pa
0.8546,ganda nung handle hindi sya madulas kahit basa ang kamay ko,maganda yung handle niya may grip kaya hindi madulas kahit basa ang kamay mo
0.8672,nakuha na ang order at working naman lahat nung brushes nung tinry,nakuha na ang order at working naman lahat nung modes nung toothbrush
0.8656,presyong sulit para sa dami nung kasama sa isang pack,sulit na sulit sa presyo ang dami na palang laman sa isang pack nito
0.9857,thank you seller sa mabilis na ship out nakuha ko agad order,salamat po seller sa mabilis na ship out nakuha ko agad order ko
0.9695,thank you seller sa mabilis na ship out nakuha ko agad order,thank you seller sa mabilis na ship out nakuha ko agad
0.8683,thank you seller sa mabilis na ship out nakuha ko agad order,thank you seller sa mabilis na ship out nakuha ko bago mag weekend
0.8918,thank you seller sa mabilis na ship out nakuha ko agad order,salamat seller sa mabilis na ship out nakuha ko agad in 2 days
0.8614,thank you seller sa mabilis na ship out nakuha ko agad order,thank you seller sa mabilis na delivery at complete na order
0.9627,thank you seller sa mabilis na ship out nakuha ko agad order,maraming salamat seller sa mabilis na ship out nakuha ko agad order ko ngayon
0.9667,thank you seller sa mabilis na ship out nakuha ko agad order,salamat po seller sa mabilis na ship out nakuha ko agad
0.9857,thank you seller sa mabilis na ship out nakuha ko agad order,salamat po seller sa mabilis na ship out nakuha ko agad order ko
0.8686,thank you seller sa mabilis na ship out nakuha ko agad order,mabilis dumating ang order ko salamat seller at sa naghatid nito kanina
0.8520,thank you seller sa mabilis na ship out nakuha ko agad order,mabilis maship out ni seller nakuha ko agad order ko ngayon araw salamat po sa inyo
0.8585,thank you seller sa mabilis na ship out nakuha ko agad order,mabilis maship out ni seller nakuha ko agad order ko ngayon araw salamat
0.8545,thank you seller sa mabilis na ship out nakuha ko agad order,mabilis naipadala ni seller yung order ko kaya natanggap ko agad thanks
0.8573,thank you seller sa mabilis na ship out nakuha ko agad order,thank you seller sa maayos na packaging at mabilis na ship out ng order ko
0.8676,thank you seller sa mabilis na ship out nakuha ko agad order,thank you seller sa mabilis na shipping kahapon ko lang inorder nandito na agad ngayon
0.9055,thank you seller sa mabilis na ship out nakuha ko agad order,thank you seller sa mabilis na ship out sakto sa paggawa ko
0.8756,thank you seller sa mabilis na ship out nakuha ko agad order,thank you seller sa mabilis na transaction naship out agad kinabukasan yung order
0.8725,thank you seller sa mabilis na ship out nakuha ko agad order,thank you seller sa mabilis na shipping nakuha ko agad bago mag session
0.8520,thank you seller sa mabilis na ship out nakuha ko agad order,thank you seller sa mabilis na delivery kahit sale nung umorder ako nun
0.8629,thank you seller sa mabilis na ship out nakuha ko agad order,thank you seller sa mabilis na transaction nakuha ko agad bago maubusan stock
0.9569,uulit ako bumili sa shop na to pag kailangan na ng bago,uulit ako bumili sa shop na to pag kailangan na uli ng panibago
0.9816,uulit ako bumili sa shop na to pag kailangan na ng bago,bibili uli ako sa shop na to pag kailangan na ng bago
0.9086,uulit ako bumili sa shop na to pag kailangan na ng bago,uulit ako bumili sa shop na to pag kailangan ko na uli ng cloths
0.9623,item is well packed and nadeliver in good condition sa bahay,item is well packed and nadeliver in good condition sa bahay namin
0.9069,item is well packed and nadeliver in good condition sa bahay,item is well packed and nadeliver in good condition sa amin kanina
0.8617,sana tumagal to at hindi agad masira yung spring sa loob,hope tumagal to at hindi agad masira yung nasa sa loob
0.9611,sana tumagal to at hindi agad masira yung spring sa loob,sana tumagal to at hindi agad mangalawang yung spring sa loob nito
0.8503,secured yung pagkaka wrap kaya safe ang item nung dumating sa bahay,secured yung pagkaka wrap kaya safe nung nadeliver sa bahay namin
0.9847,sapat na yung quality para sa presyo nya nung flash sale ko binili,sapat na yung quality para sa presyo nya nung flash sale ko nakuha
0.9847,sapat na yung quality para sa presyo nya nung flash sale ko binili,sapat na yung quality para sa presyo nya nung flash sale ko nakuha
0.9075,sapat na yung quality para sa presyo nya nung flash sale ko binili,sapat na yung quality para sa presyo nya nung sale ko binili
0.9023,sapat na yung quality para sa presyo nya nung flash sale ko binili,sapat na yung quality para sa presyo nya nung sale ko ito binili
0.9163,sapat na yung quality para sa presyo nya nung flash sale ko binili,sapat na yung quality nung wrench para sa presyo nya nung flash sale ko nabili
0.8555,sapat na yung quality para sa presyo nya nung flash sale ko binili,saktong sakto yung price nya nung flash sale ko nabili
0.9367,sapat na yung quality para sa presyo nya nung flash sale ko binili,okay na yung quality para sa presyo nya nung flash sale ko ito binili
0.9361,sapat na yung quality para sa presyo nya nung flash sale ko binili,okay na yung quality para sa presyo nya nung flash sale ko nabili
0.9297,sapat na yung quality para sa presyo nya nung flash sale ko binili,okay na yung quality para sa presyo nya nung flash sale ko ito nabili
0.9438,packaging is very good at makapal ang bubble wrap sa box nung bp,packaging is very good at makapal ang bubble wrap sa box
0.9193,packaging is very good at makapal ang bubble wrap sa box nung bp,packaging is very good at makapal ang bubble wrap sa box nung item
0.9438,packaging is very good at makapal ang bubble wrap sa box nung bp,packaging is very good at makapal ang bubble wrap sa box
0.9193,packaging is very good at makapal ang bubble wrap sa box nung bp,packaging is very good at makapal ang bubble wrap sa box nung item
0.9193,packaging is very good at makapal ang bubble wrap sa box nung bp,packaging is very good at makapal ang bubble wrap sa box nung item
0.8590,mabilis malowbat yung battery kailangan laging nakasaksak sa charger,madaling malowbat yung battery kailangan laging nakasaksak sa powerbank
0.9781,hinde masyadong matagal yung battery life kailangan lagi naka charge,hinde masyadong matagal yung battery life kailangan lagi naka saksak
0.9474,ayus yung packaging ni seller talagang safe na makakarating ang item,galing nung packaging ni seller talagang safe na makakarating ang item
0.8840,ayus yung packaging at secured ang item nung nadeliver sa amin kahapon,maayos ang packaging at secured ang item nung nadeliver sa amin
0.8784,disappoint ako kasi may crack yung gamot holder nung binuksan ko box,disappoint ako kasi may mga gasgas na yung unit nung binuksan ko box
0.8784,disappoint ako kasi may crack yung gamot holder nung binuksan ko box,disappoint ako kasi may mga gasgas na yung unit nung binuksan ko box
0.8688,disappoint ako kasi may crack yung gamot holder nung binuksan ko box,disappointed ako kasi may mga gasgas na yung unit nung binuksan ko box
0.8688,disappoint ako kasi may crack yung gamot holder nung binuksan ko box,disappointed ako kasi may mga gasgas na yung unit nung binuksan ko box
0.8776,nadeliver yung parcel na maayos ang balot at walang damage,nadeliver yung parcel na walang leak at maayos ang pagkaka pack
0.9629,nadeliver yung parcel na maayos ang balot at walang damage,nadeliver yung parcel na walang damage at maayos ang pagkaka pack
0.8774,nadeliver yung parcel na maayos ang balot at walang damage,maayos ang packaging at nadeliver naman ang item na walang damage
0.8774,nadeliver yung parcel na maayos ang balot at walang damage,maayos ang packaging at nadeliver naman ang item na walang damage
0.8774,nadeliver yung parcel na maayos ang balot at walang damage,maayos ang packaging at nadeliver naman ang item na walang damage
0.8768,nadeliver yung parcel na maayos ang balot at walang damage,maayos ang packaging at nadeliver naman ang item na walang kahit anong damage
0.8749,nadeliver yung parcel na maayos ang balot at walang damage,maayos ang packaging at nadeliver nman ang item na walang damage
0.8719,nadeliver yung parcel na maayos ang balot at walang damage,maayos ang packaging at nadeliver nman ang item na walang kahit any damage
0.8583,medyo may amoy goma nung binuksan ko yung plastic,ang baho ng amoy goma nung binuksan ko yung plastic nakakahilo sa ilong masyado
0.8727,uulit ako mag order dito para naman sa mga tropa ko,uulit ako mag order nito para naman sa regalo ko sa tropa
0.8687,bilis nadeliver ang order ko earlier than expected talaga,nadeliver yung order earlier than expected kaya nagamit ko agad
0.8565,disappointed ako kasi may mga sirang balahibo nung nakuha ko,disappoint ako kasi may kalawang na yung blade nung nakuha ko
0.8733,okay ang quality nung kahoy hindi sya basta basta mababali,sapat na yung quality nung kahoy hindi sya basta basta nababaluktot
0.9197,sarsat yung pagkaka wrap kaya safe nung nakuha ko yung box,sarsat yung pagkaka wrap kaya safe nung nakuha ko yung parcel kanina
0.8775,sarsat yung pagkaka wrap kaya safe nung nakuha ko yung box,sarsat yung pagkaka wrap kaya safe nung nakuha ko yung item kanina
0.8526,bakit parang tabingi yung tahi nung isang cover nung natingnan ko,bakit parang magaspang yung side nung cloth nung natingnan ko
0.9866,presyong sulit para sa mga nagtitipid na gaya ko na gusto mag ayos,presyong sulit para sa mga nagtitipid na gaya ko na gusto ng ayos
0.9225,presyong sulit para sa mga nagtitipid na gaya ko na gusto mag ayos,presyong sulit para sa mga nagtitipid na gaya ko na gusto malinis
0.9866,presyong sulit para sa mga nagtitipid na gaya ko na gusto mag ayos,presyong sulit para sa mga nagtitipid na gaya ko na gusto ng ayos
0.9866,presyong sulit para sa mga nagtitipid na gaya ko na gusto mag ayos,presyong sulit para sa mga nagtitipid na gaya ko na gusto ng ayos
0.8838,ayos yung delivery at secured ang packaging ni shop,mabilis nadeliver ang parcel at maayos ang packaging ni shop
0.8875,sarsat yung pagkaka wrap kaya safe nung nadeliver sa amin,sarsat yung pagkaka wrap kaya safe nung nadeliver sa bahay namin
0.9450,diko inexpect na ganito sya kalambot for the low price na binayad,diko inexpect na ganito sya kalambot for the low price na binayad ko
0.8536,linaw nung print hindi sya pixelated kahit malapitan tignan,galing nung print hindi sya pixelated tignan kahit maliit yung font
0.8823,mejo mahaba yung delivery time pero okay lang dahil sa quality,medyo matagal ang delivery pero worth it naman kasi maganda ang quality
0.8831,sarsat yung pagkaka sealed kaya safe nung nakuha ko yung item,maayos yung pagkaka sealed kaya safe nung nakuha ko yung item kagabi
0.9598,sarsat yung pagkaka sealed kaya safe nung nakuha ko yung item,safe yung pagkaka sealed kaya maayos nung nakuha ko yung item
0.9190,sarsat yung pagkaka sealed kaya safe nung nakuha ko yung item,sarsat yung pagkaka sealed kaya safe nung nakuha ko yung item kagabi
0.8595,sarsat yung pagkaka sealed kaya safe nung nakuha ko yung item,secured yung pagkaka wrap kaya maayos nung nakuha ko yung item kanina
0.9716,sarsat yung pagkaka sealed kaya safe nung nakuha ko yung item,sarsat yung pagkaka sealed kaya safe nung nakuha ko yung item kanina
0.9149,sarsat yung pagkaka sealed kaya safe nung nakuha ko yung item,sarsat yung pagkaka wrap kaya safe nung nakuha ko yung item kanina
0.8504,okay naman yung packaging pero sana mas makapal pa bubble wrap,okay naman yung packaging naka bubble wrap naman pero medyo mainit yung parcel pagdating
0.9463,mejo matagal lang ang shipping pero quality naman ang nakuha ko,mejo matagal lang ang shipping pero quality naman ang nakuha kong item
0.8860,diko expect na ganito sya kalambot for the low price na binayad ko,diko inexpect na ganito sya kalambot for the low price na binayad ko
0.8583,dumating agad ang parcel at kompleto ang anim na piraso sa loob,dumating na yung parcel at kompleto ang apat na piraso sa box
0.9142,dumating agad ang parcel at kompleto ang anim na piraso sa loob,bilis dumating ng parcel at complete naman yung anim na piraso sa box
0.8918,hinde masyadong makapit yung tahi sa gilid parang madaling matastas,parang hinde masyadong makapit yung tahi sa gilid baka matastas
0.9034,diko akalain na ganito karami yung mailalagay ko sa loob nung isang pouch,hindi ko akalain na ganito kadami yung mailalagay ko sa loob nung isang bag
0.9351,diko akalain na ganito karami yung mailalagay ko sa loob nung isang pouch,diko akalain na ganito karami yung mailalagay ko sa bag
0.8790,dumating na yung order earlier kaysa sa date at working naman lahat unit,item received earlier kaysa sa date at working naman lahat unit
0.9101,nakuha ko na ang order at tamang kulay ang pinadala ni seller sa akin,nakuha ko na yung order at tamang variation ang pinadala ni seller
0.8938,nakuha ko na ang order at tamang kulay ang pinadala ni seller sa akin,nakuha na ang order at tamang design ang pinadala ni seller sakin
0.8945,shoutout kay seller sa mabilis na transaction at complete na items sa box,salamat seller sa mabilis na transaction at complete na items sa box
0.8948,shoutout kay seller sa mabilis na transaction at complete na items sa box,salamat seller sa mabilis na transaction at complete items sa box
0.8945,shoutout kay seller sa mabilis na transaction at complete na items sa box,salamat seller sa mabilis na transaction at complete na items sa box
0.8809,shoutout kay seller sa mabilis na transaction at complete na items sa box,thank you seller sa mabilis na transaction at complete items sa box
0.8653,bibili ako bumili sa shop na to pag kailangan ko pa ng extra pouches,uulit ako bumili sa shop na to pag kailangan ko pa ng extra colors
0.9724,mabilis nadeliver ang parcel at working naman lahat nung tinesting ko,mabilis nadeliver ang parcel at working naman lahat nung tinry ko
0.9644,hinde masyadong matibay yung plastic parang madaling mabasag pag nahulog,hinde masyadong matibay yung plastic parang madaling mabasag
0.9176,balot na balot yung pagkaka sealed kaya safe nung nadeliver sa bahay kanina,sarsat yung pagkaka wrap kaya safe nung nadeliver sa bahay kanina
0.8643,mejo matagal lang nadeliver nung rider pero okay naman ang condition,medyo matagal lang dumating yung rider pero okay naman item
0.9483,presyong pang masa pero ang performance ay pang heavy duty talaga promise,presyong pang masa pero ang performance ay pang heavy duty talaga
0.9133,uulit ako mag order para naman sa regalo ko sa asawa ko next week,order ako ulit nito para naman sa regalo ko sa nanay ko next week
0.9343,uulit ako mag order para naman sa regalo ko sa asawa ko next week,order ako ulit para naman sa regalo ko sa inaanak ko next week
0.8566,thank you seller sa mabilis na ship out umabot sa event,thank you seller sa mabilis na transaction naship out agad kinabukasan yung order
0.9169,wrap is very good at makapal ang bubble wrap sa item,packaging is very good at makapal ang bubble wrap sa box nung item
0.9169,wrap is very good at makapal ang bubble wrap sa item,packaging is very good at makapal ang bubble wrap sa box nung item
0.8811,item received earlier than expected at working naman lahat,dumating ang item earlier than expected at working naman lahat
0.9663,thank you seller sa mabilis na ship out at secured ang packaging nito,thank you seller sa mabilis na shipping at secured na packaging nito
0.8871,thank you seller sa mabilis na ship out at secured ang packaging nito,salamat seller sa mabilis na shipping at secured na item
0.8791,thank you seller sa mabilis na ship out at secured ang packaging nito,thanks seller ang bilis ng shipping at ang ganda ng packaging
0.8922,thank you seller sa mabilis na ship out at secured ang packaging nito,thank you seller sa maayos na packaging at mabilis na ship out ng order ko
0.8907,thank you seller sa mabilis na ship out at secured ang packaging nito,thank you seller sa mabilis na ship out at maayos na packaging oorder ulit ako
0.8755,thank you seller sa mabilis na ship out at secured ang packaging nito,thank you seller sa mabilis na delivery at maayos na packaging ng item ko
0.9336,thank you seller sa mabilis na ship out at secured ang packaging nito,thank you seller sa mabilis na ship out at secure na packaging ng item
0.9235,thank you seller sa mabilis na ship out at secured ang packaging nito,thank you seller sa mabilis na shipping at sa maayos na packaging
0.9031,packaging is very good at secured ang bawat piraso sa loob nung plastic,packaging is very good at secured ang bawat kanto nung box
0.8875,nakuha na ang order at tamang variation ang pinadala sakin ni shop,nakuha ko na yung order at tamang variation ang pinadala ni seller
0.8541,disappointment dahil basag yung dulo nung nadeliver sakin yung parcel,disappointed ako kasi punit na yung gilid nung dumating sakin yung parcel
0.8815,hinde sya amoy plastic nung nakuha ko sa box kaya safe gamitin,hinde sya amoy imbakan nung nakuha ko sa box kaya safe gamitin
0.8792,sapat na yung quality para sa aming tawanan tuwing weekend sa bahay,sapat na yung quality para sa aming tawanan sa barkada tuwing gabi
0.8625,mabilis nadeliver yung parcel at walang basag nung nakuha ko box,mabilis dumating ang parcel at naka box pa kaya walang yupi yung pots
0.8546,packaging is good at makapal ang bubble wrap sa bawat piraso sa loob,packaging is very good at makapal ang bubble wrap sa box nung item
0.8653,mali yung kulay na pinadala ni seller umorder ako ng itim pero dilaw binigay,mali yung kulay na pinadala ni seller umorder ako ng itim na tester
0.8675,mali yung kulay na pinadala ni seller umorder ako ng itim pero dilaw binigay,wrong color yung pinadala ni seller order ko black pero dumating sakin ay kulay green
0.8914,working naman lahat nung sinubukan ko i-on nung nakuha ko ang item,working naman lahat nung sinubukan ko nung nakuha ko na yung unit
0.8640,working naman lahat nung sinubukan ko i-on nung nakuha ko ang item,nakuha ko na ang item kanina at working naman lahat nung sinubukan ko
0.8640,working naman lahat nung sinubukan ko i-on nung nakuha ko ang item,nakuha ko na ang item kanina at working naman lahat nung sinubukan ko
0.9562,working naman lahat nung sinubukan ko i-on nung nakuha ko ang item,working naman lahat nung sinubukan ko i-test nung nakuha ko ang item
0.8663,working naman lahat nung sinubukan ko i-on nung nakuha ko ang item,working naman lahat nung sinubukan ko i-test nung nakuha ko
0.9189,bilis maship out ni seller at secured ang packaging with bubble wrap,mabilis maship out ni seller at secured ang bubble wrap
0.9085,bilis maship out ni seller at secured ang packaging with bubble wrap,mabilis naship ni seller at secured yung packaging naka bubble wrap ng makapal
0.8670,bilis maship out ni seller at secured ang packaging with bubble wrap,mabilis naship ni seller at maayos ang pagkakabalot naka bubble wrap pa
0.9071,bilis maship out ni seller at secured ang packaging with bubble wrap,bilis naship ni seller at secure ang packaging naka bubble wrap pa
0.9251,thank you shopee at kay seller dahil maayos ang transaction na to,salamat shopee at kay seller sa mabilis na transaction na to
0.9733,thank you shopee at kay seller dahil maayos ang transaction na to,thank you shopee at sa seller dahil maayos ang transaction na to sa akin
0.8554,thank you shopee at kay seller dahil maayos ang transaction na to,thank you shopee at kay seller sa mabilis na shipping nito
0.9145,thank you shopee at kay seller dahil maayos ang transaction na to,thank you shopee at sa seller sa mabilis na transaction
0.8538,thank you shopee at kay seller dahil maayos ang transaction na to,salamat shopee at kay seller sa mabilis na shipping
0.9733,thank you shopee at kay seller dahil maayos ang transaction na to,thank you shopee at kay seller dahil maayos ang transaction na to sa akin
0.9733,thank you shopee at kay seller dahil maayos ang transaction na to,thank you shopee at kay seller dahil maayos ang transaction na to sa akin
0.9845,thank you shopee at kay seller dahil maayos ang transaction na to,grabe thank you shopee at sa seller dahil maayos ang transaction na to
0.9665,thank you shopee at kay seller dahil maayos ang transaction na to,salamat shopee at kay seller dahil maayos ang transaction na to sa amin
0.8551,napanood ko lang to sa video kaya napaorder ako ng unit na to,napanood ko lang to sa video kaya napaorder ako ng ganitong gripo nadeliver na
0.8920,quality talaga tong cordless drill na to matagal maubos ang charge,quality talaga tong cordless wrench na to matagal maubos ang charge
0.9847,pangit nung quality nung plastic material parang madaling mabasag,pangit nung quality nung plastic material parang madaling mabasag ito
0.8657,pangit nung quality nung plastic material parang madaling mabasag,pangit nung quality nung materyales parang malutong at madaling mabasag
0.9138,pangit nung quality nung plastic material parang madaling mabasag,pangit nung quality nung plastic parang malutong at madaling mabasag
0.8942,pangit nung quality nung plastic material parang madaling mabasag,diko gusto yung quality nung plastic material parang malutong at madaling mabasag
0.9038,pangit nung quality nung plastic material parang madaling mabasag,ang pangit ng quality parang luma na yung plastic madaling maputol
0.8616,saktong sakto sa description na nakalagay sa shop yung nakuha ko,description is accurate sa shop saktong sakto yung nakuha ko ngayon
0.8616,saktong sakto sa description na nakalagay sa shop yung nakuha ko,description is accurate sa shop saktong sakto yung nakuha ko ngayon
0.8616,saktong sakto sa description na nakalagay sa shop yung nakuha ko,description is accurate sa shop saktong sakto yung nakuha ko ngayon
0.8894,saktong sakto sa description na nakalagay sa shop yung nakuha ko,totoo yung description na nakalagay dun sa shop nakuha ko na ang order ko
0.8624,balot na balot sa bubble wrap ang item nung nakuha ko ang parcel,balot na balot sa bubble wrap nung nakuha ko ang parcel kanina sa bahay
0.9022,salamat shopee at kay seller sa mabilis na shipping ng order ko,salamat shopee at kay seller sa mabilis na transaction na to
0.8519,salamat shopee at kay seller sa mabilis na shipping ng order ko,thank you shopee at sa seller dahil maayos ang transaction na to sa akin
0.9390,salamat shopee at kay seller sa mabilis na shipping ng order ko,thank you shopee at kay seller sa mabilis na shipping nito
0.8919,salamat shopee at kay seller sa mabilis na shipping ng order ko,thank you shopee at sa seller sa mabilis na transaction
0.9439,salamat shopee at kay seller sa mabilis na shipping ng order ko,salamat shopee at kay seller sa mabilis na shipping
0.9598,salamat shopee at kay seller sa mabilis na shipping ng order ko,salamat shopee at kay seller sa mabilis na shipping nung order ko ngayon
0.8582,salamat shopee at kay seller sa mabilis na shipping ng order ko,salamat shopee sa mabilis na delivery at maayos na item
0.8596,salamat shopee at kay seller sa mabilis na shipping ng order ko,thank you seller sa maayos na packaging at mabilis na ship out ng order ko
0.8540,salamat shopee at kay seller sa mabilis na shipping ng order ko,mabilis naipadala ni seller yung order ko kaya natanggap ko agad thanks rider at shopee
0.8553,salamat shopee at kay seller sa mabilis na shipping ng order ko,salamat shopee sa mabilis na delivery at sa voucher kaya nakamura ako sa shipping fee
0.8946,salamat shopee at kay seller sa mabilis na shipping ng order ko,thank you shopee at kay seller sa mabilis na delivery kahit nasa mindanao pa ako nakarating agad yung order
0.8663,salamat shopee at kay seller sa mabilis na shipping ng order ko,thank you shopee sa mabilis na delivery at sa voucher na nagamit ko
0.9311,salamat shopee at kay seller sa mabilis na shipping ng order ko,thank you shopee at kay kuya rider sa mabilis na delivery ng order ko
0.8768,salamat shopee at kay seller sa mabilis na shipping ng order ko,thank you shopee at kay rider sa mabilis na delivery ng parcel
0.8755,maingay masyado yung unit parang may maluwag sa loob nung gear,maingay masyado yung motor parang may maluwag sa loob nung unit
0.9043,nakuha ko na ang parcel nung isang araw at working naman ang unit,nakuha ko na yung parcel kanina at working naman ang unit
0.9147,nakuha ko na ang parcel nung isang araw at working naman ang unit,nakuha ko na ang parcel kanina at working naman ang unit
0.8744,okay naman ang item nung nakuha ko saktong sakto sa kailangan ko,maayos naman ang item nung nakuha ko saktong sakto ang size
0.9425,nakuha na ang parcel kahapon at saktong sakto sa description,nadeliver na yung parcel kahapon at saktong sakto sa description na nakasulat
0.9860,budol find talaga to dahil napaka mura na tapos quality pa,budol finds talaga to dahil napaka mura na tapos quality pa
0.8662,budol find talaga to dahil napaka mura na tapos quality pa,budol find talaga to kasi ang mura na tapos effective pa
0.9604,budol find talaga to dahil napaka mura na tapos quality pa,budol find talaga to kasi ang mura na tapos quality pa ang dikit nito
0.8625,okay ang condition nung unit nung tinanggap ko ang parcel kanina,okay naman ang condition nung caliper nung tinanggap ko ang parcel
0.8595,okay ang condition nung unit nung tinanggap ko ang parcel kanina,okay naman ang condition nung metro nung tinanggap ko ang parcel
0.8879,okay ang condition nung unit nung tinanggap ko ang parcel kanina,okay naman ang condition nung scale nung tinanggap ko ang parcel
0.8607,okay ang condition nung unit nung tinanggap ko ang parcel kanina,maayos naman ang condition nung item nung tinanggap ko ang package nung hapon
0.9045,okay ang condition nung unit nung tinanggap ko ang parcel kanina,condition nung item ay okay naman nung tinanggap ko ang package
0.9211,okay ang condition nung unit nung tinanggap ko ang parcel kanina,maayos naman ang condition nung item nung tinanggap ko parcel
0.8618,okay ang condition nung unit nung tinanggap ko ang parcel kanina,maayos naman ang condition nung bote nung tinanggap ko item
0.9195,nadeliver na ang item kanina at working naman lahat nung sinubukan ko,test ko na ang item kanina at working naman lahat nung sinubukan ko
0.9356,nadeliver na ang item kanina at working naman lahat nung sinubukan ko,nakuha ko na ang item kanina at working naman lahat nung sinubukan ko
0.9356,nadeliver na ang item kanina at working naman lahat nung sinubukan ko,nakuha ko na ang item kanina at working naman lahat nung sinubukan ko
0.8522,unit ay nakuha ko na at nakabalot naman sa bubble wrap nung parcel,nakarating na ang item at balot naman sa bubble wrap ang package
0.9564,ayaw gumana nung motor nung sinaksak ko na sa outlet refund ko to,ayaw mag on nung motor nung sinaksak ko na sa outlet refund ko to
0.8571,received ko na yung item kahapon at working naman lahat nung tinry ko,nakuha ko na ang item kanina at working naman lahat nung sinubukan ko
0.8571,received ko na yung item kahapon at working naman lahat nung tinry ko,nakuha ko na ang item kanina at working naman lahat nung sinubukan ko
0.8642,received ko na yung item kahapon at working naman lahat nung tinry ko,nadeliver na ang item kahapon at working naman lahat
0.8938,received ko na yung item kahapon at working naman lahat nung tinry ko,kinuha ko na ang item kahapon at working nman yung pagpako nya
0.8998,sa tamang oras nadeliver yung order at maayos naman ang condition,dumating ang order sa tamang oras at maayos naman ang condition nung item
0.8510,safe na dumating yung item kahapon at nakabalot naman sa bubble wrap,nadeliver na ang item kahapon balot na balot sa bubble wrap
0.8771,dumating na yung parcel kahapon at working naman ang battery nito,kahapon dumating yung parcel at maayos naman ang pagkaka pack nito
0.9231,nadeliver na ang item kanina at balot naman sa bubble wrap ang package,nakarating na ang item at balot naman sa bubble wrap ang package
0.9477,nadeliver na ang item kanina at balot naman sa bubble wrap ang package,nadeliver na ang item at balot naman sa bubble wrap ang package nito
0.9090,nadeliver na ang item kanina at balot naman sa bubble wrap ang package,nadeliver na ang item kanina balot na balot sa bubble wrap
0.8568,nadeliver na ang item kanina at balot naman sa bubble wrap ang package,nadeliver na ang item kahapon balot na balot sa bubble wrap
0.8790,bilis kumuha ng reading nung caliper hindi na kailangan maghintay,bilis kumuha ng reading nung scale hindi na kailangan maghintay pa
0.9115,received ko na ang parcel nadeliver naman ng maayos nung rider,received ko na ang parcel nadeliver naman ng maayos nung rider kahapon
0.9039,received ko na ang parcel nadeliver naman ng maayos nung rider,tanggap ko na ang parcel nadeliver naman ng maayos nung rider kanina
0.8853,received ko na ang parcel nadeliver naman ng maayos nung rider,received ko na ang parcel nadeliver naman ng maayos
0.9242,received ko na ang parcel nadeliver naman ng maayos nung rider,received na ang parcel nadeliver naman ng rider ng maayos
0.9021,received ko na ang parcel nadeliver naman ng maayos nung rider,received na ang parcel nadeliver naman ng maayos nung rider kanina
0.9680,received ko na ang parcel nadeliver naman ng maayos nung rider,received ko na ang parcel nadeliver naman ng maayos nung rider kanina
0.9049,received ko na ang parcel nadeliver naman ng maayos nung rider,received na ang parcel nadeliver nman ng maayos nung rider kanina
0.8636,nakarating na yung parcel kahapon at kompleto naman ang accessories,nakarating na yung parcel kahapon at kompleto naman ang mga probes
0.8977,nakarating na yung parcel kahapon at kompleto naman ang accessories,order ko na yung parcel kahapon at kompleto naman ang accessories
0.8623,nakarating na yung parcel kahapon at kompleto naman ang accessories,arrived na ang item kahapon at maayos naman ang pagkaka pack nito
0.8753,nakarating na yung parcel kahapon at kompleto naman ang accessories,dumating na yung parcel kahapon at kompleto naman ang order
0.8721,nakarating na yung parcel kahapon at kompleto naman ang accessories,dumating na yung parcel kahapon at kompleto naman ang case sa loob
0.8553,nakarating na yung parcel kahapon at kompleto naman ang accessories,kahapon dumating yung parcel at maayos naman ang pagkaka pack nito
0.8802,nakarating na yung parcel kahapon at kompleto naman ang accessories,kompleto naman ang accessories na kasama nung dumating yung parcel kahapon
0.8859,nakarating na yung parcel kahapon at kompleto naman ang accessories,dumating na yung parcel kahapon at kompleto nman ang set sa box
0.8637,check ko na ang parcel nung isang gabi at okay naman ang unit,received ko na ang parcel nung isang gabi at okay naman ang tester
0.8789,matagal ang battery life nung nakuha ko pero sana tumagal ang unit,matagal ang fuse life nung nakuha ko pero sana tumagal ang unit
0.8924,nadeliver na yung parcel at kompleto lahat nung tatlong metro,nadeliver na yung parcel at kompleto lahat nung tatlong lata nito
0.9476,hinde nman five meters to parang bitin yung sukat nung tape measure,parang hinde nman five meters to bitin yung sukat nung tape
0.8928,bilis maship out ni seller kaya nakuha ko agad order ko kagabi,mabilis maship out ni seller kaya nakuha ko agad order ko sa kanya
0.8639,bilis maship out ni seller kaya nakuha ko agad order ko kagabi,mabilis maship out ni seller nakuha ko agad order ko ngayon araw salamat po sa inyo
0.9356,bilis maship out ni seller kaya nakuha ko agad order ko kagabi,ang bilis maship out ni seller nakuha ko agad order ko ngayon hapon
0.8754,bilis maship out ni seller kaya nakuha ko agad order ko kagabi,mabilis maship out ni seller nakuha ko agad order ko ngayon araw salamat
0.8511,bilis maship out ni seller kaya nakuha ko agad order ko kagabi,mabilis na ship out ni seller kaya nareceive ko agad ngayon
0.9571,bilis maship out ni seller kaya nakuha ko agad order ko kagabi,mabilis naship out ni seller kaya nakuha ko agad yung order ko kahapon
0.8579,description is accurate nung tester saktong sakto yung nakuha ko,description is accurate nung lacquer saktong sakto yung nakuha ko
0.9227,bwesit na tape na to masyadong manipis hindi man lang tumigil tulo,bwesit na tape na to masyadong manipis hindi man lang dumidikit
0.9070,nakuha ko na ang item kanina at working naman yung pagka dikit nito,nakuha ko na yung item kanina at working naman yung pagka adhesive
0.9254,nakuha ko na ang item kanina at working naman yung pagka dikit nito,nakuha ko na ang item kanina at working naman yung pagka stackable nito
0.8662,nakuha ko na ang item kanina at working naman yung pagka dikit nito,kinuha ko na ang item kahapon at working nman yung pagpako nya
0.9197,bwisit na item to mali yung kulay na pinadala nyo sa akin nadeliver,kupal bwisit na item to mali yung kulay na pinadala nyo sa amin nadeliver
0.9281,maayos naman ang packaging ni seller balot na balot sa plastic nung parcel,secured naman ang packaging ni seller balot na balot sa plastic nung parcel
0.8553,maayos naman ang packaging ni seller balot na balot sa plastic nung parcel,maayos naman ang packaging ni seller balot na balot sa bubble wrap kanina
0.8687,maayos naman ang packaging ni seller balot na balot sa plastic nung parcel,maayos naman ang packaging ni seller balot na balot sa bubble wrap
0.9785,maayos naman ang packaging ni seller balot na balot sa plastic nung parcel,packaging ay maayos naman ni seller balot na balot sa plastic nung parcel
0.9431,panalo ang bili ko dito kasi ang mura compare sa hardware store sa amin,panalo ang bili ko dito kasi ang mura kesa sa mga hardware store nadeliver sa amin
0.8715,panalo ang bili ko dito kasi ang mura compare sa hardware store sa amin,worth it ang bayad dito kasi ang mura compare sa hardware store
0.9859,panalo ang bili ko dito kasi ang mura compare sa hardware store sa amin,panalo ang bili ko dito kasi ang mura compare sa mga hardware store sa amin
0.8533,anyare sa wrench na to sira agad yung adjustment nung ginamit ko na kanina,asar sira agad yung pihitan nung adjustable wrench nung ginamit ko
0.9717,description is accurate sa shop saktong sakto yung nakuha ko ngayon na item,description is accurate sa shop saktong sakto yung nakuha ko ngayon
0.9717,description is accurate sa shop saktong sakto yung nakuha ko ngayon na item,description is accurate sa shop saktong sakto yung nakuha ko ngayon
0.8879,safe nung packaging secured na secured ang pipe wrench sa loob nung box,safe nung packaging secured na secured ang spray gun sa loob nung box
0.9001,saya ko dahil wala nang tagas ang mga gripo namin sa bahay dahil dito sa item,saya ko dahil wala nang sira ang mga upuan namin sa bahay dahil dito sa item
0.8522,item arrived nung isang gabi at maayos naman ang packaging nito nakuha sa parcel,arrived na ang item kahapon at maayos naman ang pagkaka pack nito
0.8737,thank you shopee dahil nakuha ko to sa flash sale na napaka mura nadeliver agad,thank you shopee dahil nakuha ko to sa napaka murang price
0.9056,thank you shopee dahil nakuha ko to sa flash sale na napaka mura nadeliver agad,thank you shopee dahil nakuha ko to sa napaka murang price nung sale
0.8905,thank you shopee dahil nakuha ko to sa flash sale na napaka mura nadeliver agad,thank you shopee dahil nakuha ko to sa napaka murang price nung sale uli
0.8997,thank you shopee dahil nakuha ko to sa flash sale na napaka mura nadeliver agad,salamat shopee dahil nakuha ko to sa napaka murang price nung sale
0.9056,thank you shopee dahil nakuha ko to sa flash sale na napaka mura nadeliver agad,thank you shopee dahil nakuha ko to sa napaka murang price nung sale
0.8905,thank you shopee dahil nakuha ko to sa flash sale na napaka mura nadeliver agad,thank you shopee dahil nakuha ko to sa napaka murang price nung sale uli
0.9612,bilis dumating nung order ko salamat seller at sa naghatid nito maingat ang parcel,madali dumating nung order ko salamat seller at sa naghatid kanina maingat ang parcel
0.8697,bilis dumating nung order ko salamat seller at sa naghatid nito maingat ang parcel,bilis nadeliver nung order salamat seller at sa naghatid nito kanina
0.8977,bilis dumating nung order ko salamat seller at sa naghatid nito maingat ang parcel,mabilis dumating nung order salamat seller at sa naghatid nito kanina
0.8900,bilis dumating nung order ko salamat seller at sa naghatid nito maingat ang parcel,agad dumating nung order ko salamat seller at sa naghatid nito kanina
0.8900,bilis dumating nung order ko salamat seller at sa naghatid nito maingat ang parcel,agad dumating nung order ko salamat seller at sa naghatid nito kanina
0.8656,bilis dumating nung order ko salamat seller at sa naghatid nito maingat ang parcel,agad dumating nung order ko salamat seller at sa naghatid nito kanina sa amin
0.8900,bilis dumating nung order ko salamat seller at sa naghatid nito maingat ang parcel,agad dumating nung order ko salamat seller at sa naghatid nito kanina
0.8656,bilis dumating nung order ko salamat seller at sa naghatid nito maingat ang parcel,agad dumating nung order ko salamat seller at sa naghatid nito kanina sa amin
0.8761,bilis dumating nung order ko salamat seller at sa naghatid nito maingat ang parcel,thank you seller sa maayos na packaging at mabilis na ship out ng order ko
0.8535,bilis dumating nung order ko salamat seller at sa naghatid nito maingat ang parcel,dumating na yung order ko salamat rider at seller sa mabilis na delivery service
0.8807,nadeliver na yung parcel kahapon at kompleto ang handle nito sa box nadeliver sa amin,nadeliver na yung parcel kahapon at kompleto naman ang chin strap sa box
0.8541,nadeliver na yung parcel kahapon at kompleto ang handle nito sa box nadeliver sa amin,dumating na yung parcel kahapon at kompleto nman ang set sa box
0.8627,mabilis maship out ni seller nakuha ko agad in three days lang nadeliver sa bahay,mabilis maship out ni seller nakuha ko yung parcel in two days
0.8758,mabilis maship out ni seller nakuha ko agad in three days lang nadeliver sa bahay,mabilis maship out ni seller nakuha ko agad order ko in two days
0.8616,mabilis maship out ni seller nakuha ko agad in three days lang nadeliver sa bahay,agad pinadala ni seller nakuha ko agad order ko in two days lang
0.8758,mabilis maship out ni seller nakuha ko agad in three days lang nadeliver sa bahay,mabilis maship out ni seller nakuha ko agad order ko in two days
0.8616,mabilis maship out ni seller nakuha ko agad in three days lang nadeliver sa bahay,agad pinadala ni seller nakuha ko agad order ko in two days lang
0.8616,mabilis maship out ni seller nakuha ko agad in three days lang nadeliver sa bahay,agad pinadala ni seller nakuha ko agad order ko in two days lang
0.8829,mabilis maship out ni seller nakuha ko agad in three days lang nadeliver sa bahay,mabilis maship out ni seller nakuha ko agad order ko in two days lang
0.8687,mabilis maship out ni seller nakuha ko agad in three days lang nadeliver sa bahay,mabilis naship out ni seller kaya nareceive ko agad within two days lang
0.8540,thank you shopee at sa rider dahil naingatan ang package ko nadeliver ng maayos,thank you shopee at kay rider sa mabilis at maayos na delivery service
0.8778,thank you shopee at sa rider dahil naingatan ang package ko nadeliver ng maayos,thank you shopee at kay kuya rider sa mabilis na delivery ng order ko
0.8819,thank you shopee at sa rider dahil naingatan ang package ko nadeliver ng maayos,thank you shopee at kay rider sa mabilis na delivery ng parcel
0.8844,maayos naman ang unit nung nakuha ko nadeliver naman ng maayos ito nung rider kahapon,maayos naman ang unit nung nakuha ko nadeliver naman ng rider
0.9026,maayos naman ang unit nung nakuha ko nadeliver naman ng maayos ito nung rider kahapon,okay naman ang unit nung nakuha ko nadeliver naman ng rider kanina
0.8807,sarsat yung pagkaka sealed kaya safe na nakarating ang order ko,sarsat yung pagkaka wrap kaya safe na nakarating ang order ko sa bahay
0.8570,sarsat yung pagkaka sealed kaya safe na nakarating ang order ko,sarsat yung pagkaka wrap kaya safe na nakarating ang order ko dito sa bahay
0.8570,sarsat yung pagkaka sealed kaya safe na nakarating ang order ko,sarsat yung pagkaka wrap kaya safe na nakarating ang order ko dito sa bahay
0.9035,sarsat yung pagkaka sealed kaya safe na nakarating ang order ko,balot na balot yung pagkaka wrap kaya safe na nakarating ang order ko
0.8725,sarsat yung pagkaka sealed kaya safe na nakarating ang order ko,balot na balot yung pagkaka wrap kaya safe na nakarating ang order ko dito
0.8725,sarsat yung pagkaka sealed kaya safe na nakarating ang order ko,balot na balot yung pagkaka wrap kaya safe na nakarating ang order ko dito
0.8587,pangit nung quality nung handle parang madaling mabasag yung plastic,sayang nung quality nung plastic parang madaling mabali yung bracket nito
0.8511,pangit nung quality nung handle parang madaling mabasag yung plastic,ang pangit ng quality parang lata lang na tinupi madaling mabe-bend yung handle
0.8531,pangit nung quality nung handle parang madaling mabasag yung plastic,ang pangit ng quality parang luma na yung plastic madaling maputol
0.8577,nakuha ko na ang item nung isang gabi at okay naman ang performance,nakarating na ang item nung isang gabi at okay naman unit
0.8774,maayos naman ang condition nung tape nung tinanggap ko ang package,condition nung item ay okay naman nung tinanggap ko ang package
0.8651,maayos naman ang condition nung tape nung tinanggap ko ang package,maayos naman ang condition nung item nung tinanggap ko parcel
0.8789,anyare bakit parang luma na yung nadeliver sa akin may mga dumi,bakit parang luma na yung nadeliver sa akin may mga dumi at gasgas pa
0.8589,check ko muna kung maganda ang dikit nung tape sa kahoy na pader,check ko muna kung maganda ang lapat nung bakal sa kahoy
0.8530,yupi yung box nung dumating yung parcel pero buti na lang walang leak,yupi yung box nung dumating pero okay lang kasi hindi naman damage item
0.9076,sulit na budol to para sa mga mahilig mag diy ng maintenance,sulit na budol to para sa mga nagtitipid sa maintenance
0.9333,hinde nman ito yung nasa picture sa shop nyo nakakadismaya,hinde nman ito yung nasa picture sa shop nyo mali ang pinadala nyo
0.9333,hinde nman ito yung nasa picture sa shop nyo nakakadismaya,hinde nman ito yung nasa picture sa shop nyo mali ang pinadala nyo
0.8922,received na ang item nadeliver naman ng maayos nung rider,received na ang parcel nadeliver naman ng rider ng maayos
0.8575,received na ang item nadeliver naman ng maayos nung rider,received na ang parcel nadeliver naman ng maayos nung rider kanina
0.8592,received na ang item nadeliver naman ng maayos nung rider,nakarating na ang item nadeliver naman ng maayos nung rider nung hapon
0.9622,received na ang item nadeliver naman ng maayos nung rider,received na ang item nadeliver naman ng maayos nung rider kanina
0.9057,received na ang item nadeliver naman ng maayos nung rider,received na ang item nadeliver naman ng rider ng maayos sa bahay
0.8501,received na ang item nadeliver naman ng maayos nung rider,received na ang parcel nadeliver nman ng maayos nung rider kanina
0.8990,pangit nung packaging yupi yupi na yung box nung dumating,sira yung packaging nung dumating durog durog na yung box sa loob
0.8990,pangit nung packaging yupi yupi na yung box nung dumating,sira yung packaging nung dumating durog durog na yung box sa loob
0.9199,pangit nung packaging yupi yupi na yung box nung dumating,sira yung packaging nung dumating yupi yupi na yung mga box sa loob
0.8559,nakarating na ang parcel kanina nadeliver naman ng maayos,received ko na ang parcel nadeliver naman ng maayos
0.9561,nadeliver na yung parcel kahapon at balot naman sa bubble wrap ang box,kahapon dumating yung parcel at balot naman sa bubble wrap ang box
0.8731,nadeliver na yung parcel kahapon at balot naman sa bubble wrap ang box,nadeliver na yung parcel kahapon at kompleto naman ang chin strap sa box
0.8772,bakit parang yupi yung gilid nung nakuha ko hinde naingatan sa transit,bakit parang yupi yung pinto nung nakuha ko hinde naingatan sa transit
0.9434,bakit parang yupi yung gilid nung nakuha ko hinde naingatan sa transit,bakit parang yupi yung dulo nung nakuha ko hinde naingatan sa transit
0.9243,pangit nung quality nung pintura parang madaling mabakbak pag nabangga,pangit nung quality nung pintura parang madaling mabakbak yung sa gilid
0.9521,bwesit na item to hinde nman nag sslide ng maayos yung mga drawers,bwesit na item to hinde nman mag sslide ng maayos yung mga drawers nito
0.8670,nadeliver na nung rider yung order ko salamat seller at sa naghatid,dumating na yung order ko salamat rider at seller sa mabilis na delivery service
0.8615,sayang nung quality nung pintura parang kinalawang agad yung dulo nito,pangit nung quality nung pintura parang madaling mabakbak yung sa gilid
0.9382,sayang nung quality nung pintura parang kinalawang agad yung dulo nito,sayang nung quality nung pintura parang kinalawang agad yung dulo nung hook
0.9127,sayang nung quality nung pintura parang kinalawang agad yung dulo nito,sayang nung quality nung pintura parang kinalawang agad yung dulo nung wrench
0.9735,nadeliver na yung parcel kahapon at kompleto naman ang sampung piraso,nadeliver na yung parcel kahapon at kompleto ang sampung piraso sa loob
0.9707,nadeliver na yung parcel kahapon at kompleto naman ang sampung piraso,pambihira nadeliver na yung parcel kahapon at kompleto ang sampung piraso
0.8816,nadeliver na yung parcel kahapon at kompleto naman ang sampung piraso,order ko nadeliver kahapon at kompleto ang sampung piraso sa loob
0.9141,received na ang parcel nadeliver naman ng maayos nung rider sa bahay,received na ang item nadeliver naman ng rider ng maayos sa bahay
0.8801,received na ang parcel nadeliver naman ng maayos nung rider sa bahay,received na ang parcel nadeliver nman ng maayos nung rider kanina
0.8738,dumating na yung parcel kahapon at kompleto naman ang bawat pinto nito,dumating na yung parcel kahapon at kompleto naman ang case sa loob
0.8510,dumating na yung parcel kahapon at kompleto naman ang bawat pinto nito,kahapon dumating yung parcel at maayos naman ang pagkaka pack nito
0.8633,dumating na yung parcel kahapon at kompleto naman ang bawat pinto nito,dumating na yung parcel kahapon at kompleto nman ang set sa box
0.8590,diko type itong nadeliver mali ang kulay na nakuha ko sa box,mali yung kulay na nakuha ko sa box hinde ito yung nasa picture
0.8880,diko type itong nadeliver mali ang kulay na nakuha ko sa box,mali yung kulay na nakuha ko sa package kanina diko type itong nadeliver
0.9794,badtrip kasi may mga gasgas na yung unit nung binuksan ko box kanina,badtrip kasi may mga dumi na yung unit nung binuksan ko yung box kanina
0.9060,badtrip kasi may mga gasgas na yung unit nung binuksan ko box kanina,badtrip kc may mga dumi na yung unit nung binuksan ko yung box
0.9054,badtrip kasi may mga gasgas na yung unit nung binuksan ko box kanina,badtrip kc may mga dumi na yung unit nung binuksan ko yung box kanina sa amin
0.8942,nakarating na ang parcel nadeliver naman ng maayos nung rider nung isang gabi,nakarating na ang parcel nadeliver naman ng maayos nung rider kahapon
0.8672,nakarating na ang parcel nadeliver naman ng maayos nung rider nung isang gabi,dumating na yung parcel nadeliver naman ng maayos nung rider kahapon
0.9310,nakarating na ang parcel nadeliver naman ng maayos nung rider nung isang gabi,nakarating na ang parcel nadeliver naman ng maayos nung rider nung hapon
0.8540,nakarating na ang parcel nadeliver naman ng maayos nung rider nung isang gabi,parcel arrived kahapon at nadeliver nman ng maayos nung rider nung hapon
0.9744,nakarating na ang parcel nadeliver naman ng maayos nung rider nung isang gabi,nakakuha na ang parcel nadeliver nman ng maayos nung rider nung isang gabi
0.8949,parang maliit masyado yung hooks para sa akin hinde sapat ang size,parang maliit masyado yung wrench para sa akin hnd sapat ang sukat
0.9055,sulit na budol to laking tipid compare sa mga hooks sa hardware store namin,laking tipid nito sulit na budol compare sa mga tape sa hardware store namin
0.9311,sulit na budol to laking tipid compare sa mga hooks sa hardware store namin,sulit na budol to laking tipid compare sa mga tools sa hardware store namin
0.9687,diko bet itong nadeliver mali ang pinadala nyo sakin nung isang araw,diko bet itong nadeliver mali ang pinadala nyo sakin nung isang araw kanina
0.9044,diko bet itong nadeliver mali ang pinadala nyo sakin nung isang araw,asar ako nadeliver mali ang pinadala nyo sakin nung isang araw
0.9114,diko bet itong nadeliver mali ang pinadala nyo sakin nung isang araw,diko gusto itong nadeliver mali ang pinadala nyo sakin nung isang araw
0.9687,diko bet itong nadeliver mali ang pinadala nyo sakin nung isang araw,diko bet itong nadeliver mali ang pinadala nyo sakin nung isang araw kanina
0.9428,diko bet itong nadeliver mali ang pinadala nyo sakin nung isang araw,diko bet itong nadeliver mali ang pinadala nyo sakin nung isang araw sa amin
0.9575,tingnan ko uli kung maganda ang lapat nung adhesive nung bawat hook sa wall,tingnan ko uli kung maganda ang lapat nung adhesive nung bawat tape sa wall
0.9223,anyare bakit hinde nman dumidikit yung hook sa tiles namin sa banyo,ewan bakit hinde nman dumidikit yung mounting tape sa tiles namin sa banyo
0.8980,sarsat nung packaging ni seller balot na balot sa bubble wrap yung parcel,maayos naman ang packaging ni seller balot na balot sa bubble wrap
0.9728,sarsat nung packaging ni seller balot na balot sa bubble wrap yung parcel,binalot nung packaging ni seller balot na balot sa bubble wrap yung parcel
0.8557,quality talaga tong mga hooks na to naging malinis tignan ang aming garahe,quality talaga tong mga wrenches na to naging malinis tignan ang aming gawa
0.9387,nakarating na yung item nadeliver naman ng maayos nung rider nung isang araw,kinuha na yung item nadeliver naman ng maayos nung rider nung isang araw
0.8640,nakarating na yung item nadeliver naman ng maayos nung rider nung isang araw,dumating na yung item nadeliver nman ng maayos nung rider kahapon
0.8951,okay na yung quality para sa presyo nya nung nakuha ko sa sale,okay na yung quality para sa presyo nya nung flash sale ko nabili
0.8974,okay na yung quality para sa presyo nya nung nakuha ko sa sale,okay na yung quality para sa presyo nya nung flash sale ko ito nabili
0.9236,real budol find para sa mga mahilig mag diy sa bahay laking safety nito,real budol find para sa mga mahilig mag diy sa bahay laking tipid
0.9293,bwesit kasi yupi yung mga parts nung nadeliver sa amin nung rider kanina,asar kc yupi yung mga parts nung nadeliver sa amin nung rider kanina
0.9479,nakuha ko na ang order saktong sakto sa description na nakalagay,nakuha ko na yung order at saktong sakto sa description na nakalagay
0.9369,nakuha ko na ang order saktong sakto sa description na nakalagay,nakuha ko na yung order at saktong sakto sa description na nakalagay dun
0.8526,maayos ang packaging at balot na balot sa bubble wrap nung nakuha ko,well packed naka karton at bubble wrap kaya walang damage nung nakuha ko
0.8531,ganda nung quality nito nakuha ko to sa napaka murang price nung flash sale,okay na yung quality para sa presyo nya nung flash sale ko nabili
0.8584,ganda nung quality nito nakuha ko to sa napaka murang price nung flash sale,okay na yung quality para sa presyo nya nung flash sale ko ito nabili
0.8683,bwisit sira agad yung handle nung martilyo nung unang gamit ko pa lang,kinawang agad yung handle natanggal yung bakal sa hawakan nung unang gamit ko palang
0.8778,mabilis nadeliver ang order kaya safe na nakarating dito sa bahay,secured ang pagkaka pack kaya safe na nakarating ang order ko dito sa bahay
0.8728,pangit nung quality nung bakal parang madaling mangalawang itong plais,pangit nung quality nung bakal parang madaling maputol itong blade nung cutter
0.8648,tingnan ko muna kung maganda ang lapat nung grip nung plais sa kamay,tingnan ko muna kung maganda ang lapat nung grip nung utility knife sa kamay
0.9167,sulit na budol to laking tipid compare sa mga tools sa hardware store,sulit na budol to laking tipid compare sa mga tools sa hardware store namin
0.8577,responsive si seller nagsend muna ng picture bago i-pack,responsive si seller nagsend ng picture bago i-ship out yung order ko ngayon
0.8581,responsive si seller nagsend muna ng picture bago i-pack,responsive si seller nagsend ng picture bago ibalot yung item kaya sure ako
0.8848,responsive si seller nagsend muna ng picture bago i-pack,very responsive si seller nagsend muna ng pic bago iship ang items
0.9005,responsive si seller nagsend muna ng picture bago i-pack,very responsive si seller nagsend ng picture bago ipa ship yung parcel
0.9449,mas mura dito kumpara sa grocery kaya dito na ako lagi bibili,mura lang dito kumpara sa grocery kaya dito na ako bibili
0.9463,mas mura dito kumpara sa grocery kaya dito na ako lagi bibili,mas mura dito kaysa sa grocery kaya dito na ako lagi bibili ng stocks
0.8513,mas mura dito kumpara sa grocery kaya dito na ako lagi bibili,mura lang kumpara sa mall kaya dito na ako lagi bibili ng supply ko monthly
0.8779,first time ko umorder dito at hindi ako binigo ni seller,first time ko itry tong brand na to at hindi ako binigo ni seller ang sarap
0.8846,mabilis dumating kahapon ko lang inorder nandito na agad ngayon,mabilis dumating yung delivery kahapon ko lang inorder nandito na agad ngayon
0.9460,nakamura ako dahil sa voucher salamat shopee,laki ng natipid ko dahil sa voucher salamat shopee
0.8568,nakamura ako dahil sa voucher salamat shopee,thank you shopee sa voucher nakuha ko to ng halos libre na lang
0.8562,hindi ko pa na try pero mukhang okay naman base sa packaging,hindi ko pa natatry gamitin pero mukhang okay naman base sa itsura
0.9160,very accommodating si seller sinagot lahat ng tanong ko about sa usage,very accommodating si seller sinagot lahat ng inquiries ko
0.8587,very accommodating si seller sinagot lahat ng tanong ko about sa usage,very responsive si seller sinagot lahat ng tanong ko tungkol sa ingredients nito
0.8756,very accommodating si seller sinagot lahat ng tanong ko about sa usage,very accommodating si seller sinagot lahat ng tanong ko tungkol sa specs nung multi tool
0.9238,walang bubble wrap kaya nayupi yung box pero okay lang yung laman,hindi man lang naka bubble wrap kaya nayupi yung pouch pero okay pa naman
0.8903,thank you rider mabait at iningatan yung package ko,thank you rider mabait at iningatan yung parcel ko kahit umuulan kanina
0.8688,thank you rider mabait at iningatan yung package ko,thank you rider mabait at iningatan yung parcel ko kahit umuulan nung dineliver niya
0.8582,hindi accurate yung kulay sa picture iba yung actual na itsura,hindi accurate yung color chart sa description sobrang layo nung actual na kulay sa picture
0.8935,secure ang packaging naka tape yung takip para iwas spill,secure ang packaging naka tape yung takip para sure na walang tulo
0.9020,secure ang packaging naka tape yung takip para iwas spill,secure ang packaging naka tape yung takip para sure na hindi tumapon sa byahe
0.9077,secure ang packaging naka tape yung takip para iwas spill,secure ang packaging naka tape ang takip para hindi tumapon sa byahe
0.9511,ang mahal masyado para sa maliit na bote hindi sulit,mahal masyado para sa maliit na bote hindi worth it
0.8878,wrong color ang pinadala blue yung order ko green ang dumating,mali yung kulay na pinadala order ko blue pero red yung dumating sa akin
0.9266,wrong color ang pinadala blue yung order ko green ang dumating,wrong color ang pinadala nyo pink ang order ko blue ang dumating
0.8814,wrong color ang pinadala blue yung order ko green ang dumating,mali yung kulay na pinadala nyo white ang order ko pero blue dumating
0.8714,wrong color ang pinadala blue yung order ko green ang dumating,wrong color yung pinadala ni seller order ko black pero dumating sakin ay kulay green
0.8846,wrong color ang pinadala blue yung order ko green ang dumating,wrong color yung pinadala niyo order ko black pero dumating sakin ay blue
0.8898,wrong color ang pinadala blue yung order ko green ang dumating,wrong color yung pinadala niyo pink order ko pero blue ang dumating
0.8745,fake ata to iba yung lasa kumpara sa binibili ko sa mall,parang iba yung lasa nung original kumpara sa binibili ko sa mall
0.8897,fake ata to iba yung lasa kumpara sa binibili ko sa mall,fake ata to iba yung amoy kumpara sa binibili ko sa ibang shop
0.8535,well packed naka karton at bubble wrap para iwas butas,well packed naka bubble wrap at karton kaya walang damage yung item
0.8886,well packed naka karton at bubble wrap para iwas butas,well packaged naman naka karton at bubble wrap kaya safe nakarating dito
0.8837,well packed naka karton at bubble wrap para iwas butas,good packaging naka box at bubble wrap kaya hindi nayupi yung lata
0.8765,ang pangit ng lasa parang gamot hindi ko mainom,weird ng lasa parang gamot hindi ko na gagamitin to
0.9008,good packaging naka box at bubble wrap pa,good packaging naka box at bubble wrap kaya hindi nayupi yung lata
0.8993,expired na yung binigay nyo sana chineck muna,expired na yung pinadala niyo sana chineck niyo muna maigi
0.9294,will order again pag naubos na tong stock ko,will definitely order again pag naubos na tong stock ko
0.8547,will order again pag naubos na tong stock ko,will order again pag naubos na tong stock ko ang bilis kasi ng transaction dito
0.8845,will order again pag naubos na tong stock ko,will order again pag naubos na tong stock ko ang bilis ng shipping
0.9313,will order again pag naubos na tong stock ko,will order again pag naubos na tong stock ko pang business ko kasi
0.8588,scammer tong shop na to wag kayo bibili,scammer tong shop na to wag kayo bibili dito peke yung binibigay na code ayaw gumana
0.8769,maayos kausap si seller nagsend ng pic bago ship,maayos kausap si seller nag send siya ng picture bago ship out para sure na tama
0.8531,maayos kausap si seller nagsend ng pic bago ship,maayos kausap si seller nag send ng video bago i ship out yung order
0.9129,maayos kausap si seller nagsend ng pic bago ship,maayos kausap si seller nag send ng picture bago i ship out
0.8608,maayos kausap si seller nagsend ng pic bago ship,maayos kausap si seller nag send ng picture bago i ship out order ko
0.8570,maayos kausap si seller nagsend ng pic bago ship,buti na lang mabilis kausap si seller nag send muna siya ng picture bago ipa ship yung item ko
0.8773,okay lng yung packaging walang bubble wrap,okay naman yung packaging naka bubble wrap kaya hindi nadurog yung wax
0.8812,ang mahal ng shipping fee mas mahal pa sa item,mahal masyado yung shipping fee mas mahal pa sa item na binili ko
0.8796,ang mahal ng shipping fee mas mahal pa sa item,ang mahal ng shipping fee halos kalahati na ng presyo nung item
0.8672,ang mahal ng shipping fee mas mahal pa sa item,mahal masyado yung shipping fee mas mahal pa sa item na binili ko grabe
0.8672,ang mahal ng shipping fee mas mahal pa sa item,mahal masyado yung shipping fee mas mahal pa sa item na binili ko grabe
0.9094,ang mahal ng shipping fee mas mahal pa sa item,ang mahal ng shipping fee mas mahal pa sa item na binili ko
0.9315,ang mahal ng shipping fee mas mahal pa sa item,mahal ang shipping fee mas mahal pa sa presyo nung item mismo nakakaloka
0.9548,ang mahal ng shipping fee mas mahal pa sa item,ang mahal ng shipping fee mas mahal pa sa presyo ng item mismo
0.8823,maliit lang pala yung bote akala ko malaki base sa picture,ang liit pala ng bote akala ko malaki base sa picture sa description
0.8873,maliit lang pala yung bote akala ko malaki base sa picture,akala ko malaki yung bote ang liit lang pala base sa picture description
0.8842,tagal bago dumating inabot ng isang linggo sa sorting center,ang tagal bago nadeliver inabot ng dalawang linggo sa sorting center nakakainip
0.9387,tagal bago dumating inabot ng isang linggo sa sorting center,tagal bago dumating inabot ng isang linggo sa sorting center bago ko nakuha
0.8995,dumating na yung parcel salamat rider at seller sa mabilis na service,dumating na yung parcel salamat rider at seller sa maayos na pag handle nito
0.8942,dumating na yung parcel salamat rider at seller sa mabilis na service,dumating na yung order ko salamat rider at seller sa mabilis na delivery service
0.8836,dumating na yung parcel salamat rider at seller sa mabilis na service,thank you rider at seller sa mabilis na delivery service sa uulitin po
0.9386,safe na safe ang item naka tape yung takip para iwas leak,safe na safe ang item naka tape ang takip para iwas leak sa byahe
0.9364,highly recommended tong shop na to laging bago ang stocks nila,highly recommended tong shop na to laging bago ang stocks nila ng vco
0.9364,highly recommended tong shop na to laging bago ang stocks nila,highly recommended tong shop na to laging bago ang stocks nila ng delata
0.9324,tagal mag reply ni seller sa chat ko about sa expiration,tagal mag reply ni seller sa chat ko about sa expiration date nung product
0.8675,secured ang item naka bubble wrap ng makapal para hindi mabasag,safe na safe yung item naka bubble wrap ng makapal para iwas butas
0.8661,secured ang item naka bubble wrap ng makapal para hindi mabasag,secured ang item naka bubble wrap ng makapal kaya walang yupi nung nakuha ko
0.8577,secured ang item naka bubble wrap ng makapal para hindi mabasag,safe na safe ang item naka bubble wrap ng makapal para hindi mayupi sa byahe
0.8715,secured ang item naka bubble wrap ng makapal para hindi mabasag,secure na secure ang item naka bubble wrap ng makapal kaya walang leak salamat
0.8577,secured ang item naka bubble wrap ng makapal para hindi mabasag,safe na safe ang item naka bubble wrap ng makapal para hindi mayupi sa byahe
0.8582,secured ang item naka bubble wrap ng makapal para hindi mabasag,secure na secure ang item balot na balot ng bubble wrap kaya walang damage
0.8696,matagal bago nadeliver pero okay lang worth it naman ang paghihintay,medyo matagal bago naship pero okay lang kasi worth it naman
0.9019,wala man lang expiration date na nakalagay sa packaging delikado,walang expiration date na nakalagay sa packaging nakakatakot tuloy gamitin baka expired na
0.8525,mabilis kausap si seller very responsive sa mga tanong ko,very accommodating si seller sinagot lahat ng inquiries ko
0.8782,mabilis kausap si seller very responsive sa mga tanong ko,ang bilis kausap ni seller very accommodating sa mga inquiries ko good job
0.8734,mabilis kausap si seller very responsive sa mga tanong ko,responsive si seller sa chat at mabilis sumagot sa mga tanong ko salamat
0.8671,mabilis kausap si seller very responsive sa mga tanong ko,maayos kausap si seller at mabilis mag reply sa mga tanong ko sa chat
0.8536,mabilis kausap si seller very responsive sa mga tanong ko,mabilis naman mag reply si seller sa mga tanong ko kaya naging smooth yung transaction namin
0.8755,mabilis kausap si seller very responsive sa mga tanong ko,mabilis naman mag reply si seller sa mga tanong ko tungkol sa item
0.9055,safe na nakarating sakin walang leak at walang basag salamat,safe na nakarating yung parcel walang leak at walang yupi salamat po
0.8605,expired na yung item paano ko pa to gagamitin ngayon,expired na yung item na pinadala niyo sakin paano ko pa to gagamitin
0.9278,expired na yung item paano ko pa to gagamitin ngayon,expired na yung item nung dumating sakin paano ko pa to gagamitin ngayon
0.9381,mahal ng shipping fee mas mahal pa sa binili ko,mahal masyado yung shipping fee mas mahal pa sa item na binili ko
0.9025,mahal ng shipping fee mas mahal pa sa binili ko,mahal ng shipping fee mas mahal pa sa tea na binili ko sa inyo
0.9043,mahal ng shipping fee mas mahal pa sa binili ko,ang mahal ng shipping fee mas mahal pa sa presyo ng sardinas na binili ko
0.8610,mahal ng shipping fee mas mahal pa sa binili ko,ang mahal ng shipping fee mas mahal pa sa binili kong capsules hindi sulit sa bulsa
0.8863,mahal ng shipping fee mas mahal pa sa binili ko,mahal ng shipping fee mas mahal pa sa tea na binili ko sa inyo grabe
0.9144,mahal ng shipping fee mas mahal pa sa binili ko,mahal masyado yung shipping fee mas mahal pa sa item na binili ko grabe
0.9144,mahal ng shipping fee mas mahal pa sa binili ko,mahal masyado yung shipping fee mas mahal pa sa item na binili ko grabe
0.9046,mahal ng shipping fee mas mahal pa sa binili ko,mahal masyado ang shipping fee mas mahal pa sa binili kong items sa inyo
0.9518,mahal ng shipping fee mas mahal pa sa binili ko,ang mahal ng shipping fee mas mahal pa sa item na binili ko
0.8648,mahal ng shipping fee mas mahal pa sa binili ko,mahal ng shipping fee mas mahal pa sa deodorant na binili ko sa inyo
0.8832,secure packaging naka carton at bubble wrap kaya walang damage,well packed naka bubble wrap at karton kaya walang damage yung item
0.8771,secure packaging naka carton at bubble wrap kaya walang damage,safe na nakarating yung parcel naka box at bubble wrap kaya walang damage salamat
0.8673,secure packaging naka carton at bubble wrap kaya walang damage,well packed naka karton at bubble wrap kaya walang damage nung nakuha ko
0.9064,secure packaging naka carton at bubble wrap kaya walang damage,secure na secure ang parcel naka bubble wrap at karton kaya walang yupi
0.8605,secure packaging naka carton at bubble wrap kaya walang damage,secure ang packaging naka bubble wrap ng makapal kaya walang damage nung nakuha ko
0.8557,secure packaging naka carton at bubble wrap kaya walang damage,well packaged naman naka karton at bubble wrap kaya safe nakarating dito
0.8653,secure packaging naka carton at bubble wrap kaya walang damage,secure ang packaging naka bubble wrap bawat piraso kaya walang damage
0.9072,secure packaging naka carton at bubble wrap kaya walang damage,safe na safe yung packaging naka balot ng karton at bubble wrap kaya walang gasgas
0.9775,tagal dumating inabot ng dalawang linggo bago ko nakuha,ang tagal bago dumating inabot ng dalawang linggo bago ko nakuha
0.8628,tagal dumating inabot ng dalawang linggo bago ko nakuha,ang tagal bago dumating inabot ng two weeks bago nadeliver sa bahay
0.8725,tagal dumating inabot ng dalawang linggo bago ko nakuha,matagal dumating yung parcel inabot ng dalawang linggo bago ko nareceive
0.8876,tagal dumating inabot ng dalawang linggo bago ko nakuha,ang tagal dumating inabot ng dalawang linggo bago ko nareceive yung item
0.8639,tagal dumating inabot ng dalawang linggo bago ko nakuha,ang bagal ng delivery inabot ng dalawang linggo bago ko nareceive dito
0.8710,responsive si seller at mabilis magpadala ng items good job,responsive si seller sa chat at mabilis magpadala ng order good job
0.8501,tumapon yung laman sa loob ng plastic ang lagkit tuloy,tumapon yung laman sa loob ng plastic bag ang dumi tuloy tignan nakakainis
0.8582,mabilis dumating yung order ko safe na safe ang items,mabilis dumating yung order ko safe na safe walang sira yung mga brushes
0.8690,expired na yung binigay niyo sayang lang ang binayad ko,expired na yung binigay niyo sakin sayang lang pera ko hindi ko magagamit
0.9023,tagal bago na ship out nainip na ako kakahintay,ang tagal bago na ship out nainip na ako kakahintay sa order ko
0.9023,tagal bago na ship out nainip na ako kakahintay,ang tagal bago na ship out nainip na ako kakahintay sa order ko
0.9560,okay naman yung item medyo matagal lang bago na ship out ni seller,okay naman yung item medyo matagal lang bago na ship out ni seller sa akin
0.8530,okay naman yung item medyo matagal lang bago na ship out ni seller,okay naman sana kaso ang tagal bago na ship out ni seller inabot ng week
0.9075,responsive si seller sa mga tanong ko tungkol sa tamang paggamit nito,responsive si seller sa mga tanong ko tungkol sa tamang paglilinis nito
0.9502,mabilis naipadala ni seller yung items kaya nakuha ko agad bago mag weekend,mabilis naship ni seller yung item kaya nareceive ko agad bago mag weekend
0.8551,kulang yung timbang nung chineck ko sa kitchen scale ko paki ayos naman,kulang yung timbang nung chineck ko sa scale ko bakit ganun ang daya naman
0.9368,very accommodating si seller nagsend pa ng picture bago i-pack yung order,very accommodating si seller nagsend muna ng picture bago i-pack yung mga orders ko
0.8662,very accommodating si seller nagsend pa ng picture bago i-pack yung order,very responsive si seller nagsend muna ng picture bago i ship out yung order ko
0.9089,very accommodating si seller nagsend pa ng picture bago i-pack yung order,very accommodating si seller nag send ng picture bago i ship out yung item
0.9024,very accommodating si seller nagsend pa ng picture bago i-pack yung order,very accommodating si seller nag send ng pic bago i ship out yung item
0.8609,very accommodating si seller nagsend pa ng picture bago i-pack yung order,very accomodating si seller nagsend siya ng picture bago iship kaya sure ako na tama yung order ko
0.8610,very accommodating si seller nagsend pa ng picture bago i-pack yung order,very accomodating si seller nag send ng picture bago ship out kaya sure ako sa item
0.8727,very accommodating si seller nagsend pa ng picture bago i-pack yung order,very responsive si seller nagsend muna ng picture bago ipa ship yung order ko
0.9302,very accommodating si seller nagsend pa ng picture bago i-pack yung order,very accommodating seller nagsend ng picture bago balutin yung order ko
0.8827,very accommodating si seller nagsend pa ng picture bago i-pack yung order,very responsive si seller nagsend ng picture bago ipa ship yung parcel
0.9310,very accommodating si seller nagsend pa ng picture bago i-pack yung order,very accommodating si seller nagsend ng picture bago ship out kaya tama order
0.9079,very accommodating si seller nagsend pa ng picture bago i-pack yung order,very accommodating si seller nagsend ng picture bago ship out yung mga items
0.8945,very accommodating si seller nagsend pa ng picture bago i-pack yung order,very accommodating si seller nagsend ng picture bago balutin yung items ko
0.8583,nag leak yung oil sa loob ng box nabasa tuloy yung ibang items ko,nag leak yung laman sa loob ng box nabasa tuloy yung ibang items
0.8769,mabilis ang shipping at maayos ang packaging walang basag yung bote salamat,ang bilis ng shipping at maayos ang item walang yupi yung box salamat
0.8615,mabilis ang shipping at maayos ang packaging walang basag yung bote salamat,mabilis ang shipping at secured ang packaging naka styrofoam pa sa loob salamat
0.8526,hindi man lang nagsend ng picture si seller bago i-ship out yung items,very accommodating si seller nag send ng picture bago i ship out yung item
0.8688,hindi man lang nagsend ng picture si seller bago i-ship out yung items,very accommodating si seller nagsend ng picture bago ship out yung mga items
0.8576,thank you po sa freebie na sabon tuwang tuwa ako nung nakita ko,thank you seller sa freebie na maliit na can tuwang tuwa ako nung nakita ko
0.9246,thank you po sa freebie na sabon tuwang tuwa ako nung nakita ko,thank you po sa freebie na maliit na suklay tuwang tuwa ako nung nakita ko
0.9598,expired na yung pinadala niyo sayang lang pera ko hindi ko na magagamit,expired na yung binigay niyo sakin sayang lang pera ko hindi ko magagamit
0.9008,ang labnaw masyado parang hinaluan ng tubig hindi tulad nung dati kong bili,parang tubig lang yung laman sobrang labnaw hindi gaya ng dati kong bili
0.9059,thank you seller sa mabilis na transaction oorder ulit ako pag naubos na,thank you po sa mabilis na transaction oorder ulit ako pag naubos na stock ko
0.8604,thank you seller sa mabilis na transaction oorder ulit ako pag naubos na,thank you seller sa mabilis na transaction naship out agad kinabukasan yung order
0.8575,thank you seller sa mabilis na transaction oorder ulit ako pag naubos na,thank you seller sa mabilis na delivery kahit sale nung umorder ako nun
0.8622,thank you seller sa mabilis na transaction oorder ulit ako pag naubos na,thank you seller sa mabilis na shipping kahit sale nung umorder ako
0.8512,thank you seller sa mabilis na transaction oorder ulit ako pag naubos na,thank you seller sa mabilis na transaction nakuha ko agad bago mag summer
0.8749,thank you seller sa mabilis na transaction oorder ulit ako pag naubos na,thank you seller sa mabilis na transaction nakuha ko agad bago maubusan stock
0.8872,kulang yung pinadala niyo na items dalawa order ko isa lang dumating,kulang yung pinadala niyo dalawa order ko pero isa lang ang dumating sakin
0.9001,kulang yung pinadala niyo na items dalawa order ko isa lang dumating,kulang yung pinadala niyo dalawang pack order ko isa lang dumating
0.8839,okay naman yung lasa pero mas gusto ko pa rin yung chocolate flavor,okay lang yung lasa pero mas gusto ko pa rin yung spicy kalamansi flavor
0.8626,ang tagal bago na ship out inabot ng tatlong araw bago gumalaw,ang tagal bago na ship out ni seller inabot ng tatlong araw bago gumalaw status
0.8834,ang tagal bago na ship out inabot ng tatlong araw bago gumalaw,ang tagal bago naship out inabot ng tatlong araw bago napickup ng courier
0.8834,ang tagal bago na ship out inabot ng tatlong araw bago gumalaw,ang tagal bago na ship out inabot ng siyam na araw bago gumalaw
0.9455,very responsive si seller tinulungan ako mag track nung parcel ko na na-delay,responsive naman si seller tinulungan ako i-track yung parcel ko nung na-delay
0.9455,very responsive si seller tinulungan ako mag track nung parcel ko na na-delay,responsive naman si seller tinulungan ako i-track yung parcel ko nung na-delay
0.9174,very responsive si seller tinulungan ako mag track nung parcel ko na na-delay,responsive naman si seller tinulungan ako mag track nung parcel nung na-delay delivery
0.9492,durog durog yung box pagdating sakin parang inupuan ng courier sa van,durog durog yung box pagdating sakin parang inupuan ng courier sa van nakakainis tignan
0.9866,walang lasa yung tea bag kahit ibabad ng matagal parang mainit na tubig lang,walang lasa yung tea bag kahit ibabad ng matagal parang mainit na tubig lang iniinom
0.9893,expired na yung tea na nareceive ko nakakadismaya naman yung service niyo,expired na yung tea na nareceive ko nakakadismaya naman yung service niyo paki ayos
0.9564,sulit ang presyo ang daming tea bags sa isang box matagal maubos,sulit ang presyo ang daming tea bags sa isang box matagal bago maubos to
0.9839,bakit ang pait masyado nung lasa hindi ko mainom kahit lagyan ng honey,bakit ang pait masyado nung lasa hindi ko mainom kahit lagyan ko pa ng honey
0.9648,secure ang packaging naka bubble wrap para hindi madurog yung box sa byahe,secure ang packaging naka bubble wrap para hindi madurog yung box sa byahe salamat
0.8819,secure ang packaging naka bubble wrap para hindi madurog yung box sa byahe,secure na secure ang packaging naka bubble wrap ng makapal kaya walang yupi yung box
0.8751,secure ang packaging naka bubble wrap para hindi madurog yung box sa byahe,secure ang packaging naka tape yung takip para sure na hindi tumapon sa byahe
0.8775,secure ang packaging naka bubble wrap para hindi madurog yung box sa byahe,secure ang packaging naka tape ang takip para hindi tumapon sa byahe
0.9870,kulang ng dalawang sachet yung laman ng box nung binilang ko kanina,kulang ng dalawang sachet yung laman ng box nung binilang ko kanina ang daya naman
0.9304,refreshing yung lasa lalo na pag nilagyan ng yelo perfect sa tag-init,refreshing yung lasa lalo na pag nilagyan ng yelo perfect drink sa tag-init ngayon
0.9744,okay naman yung item pero medyo matagal bago dumating sa bahay namin,okay naman yung item pero medyo matagal bago dumating sa bahay namin inip na ako
0.9166,hindi effective sakin hindi naman ako inantok kahit uminom ako nito,hindi effective sakin hindi naman ako inantok kahit uminom ako nito gabi gabi
0.8608,hindi effective sakin hindi naman ako inantok kahit uminom ako nito,hindi effective sakin hindi naman ako naging mabango kahit madami ilagay ko pa
0.9598,thank you po sa free taste na ibang flavor susubukan ko din yun,thank you po sa free taste na ibang flavor susubukan ko din yun next time
0.9262,parang luma na yung tea bags ang hina na nung amoy pag binuksan,parang luma na yung tea bags ang hina na nung amoy pag binuksan ko yung pack
0.9801,legit organic tea to masarap at healthy pa kaya dito na ako bibili,legit organic tea to masarap at healthy pa kaya dito na ako bibili palagi
0.9693,mali yung variant na pinadala niyo chamomile order ko green tea dumating,mali yung variant na pinadala niyo chamomile order ko green tea dumating sakin ngayon
0.9503,sana magkaroon kayo ng ibang flavors like ginger at lemon next time,sana magkaroon kayo ng ibang flavors like ginger at lemon next time para mas madami choices
0.8851,okay naman yung lasa pero mas gusto ko pa rin yung spanish style na spicy,okay lang yung lasa pero mas gusto ko pa rin yung spicy kalamansi flavor
0.9714,ang bilis dumating ng order ko kahapon lang ako nag check out nandito na,mabilis dumating yung order ko kahapon lang ako nag check out nandito na
0.9566,ang bilis dumating ng order ko kahapon lang ako nag check out nandito na,mabilis dumating yung order ko kahapon lang ako nag check out nandito na agad
0.8915,ang bilis dumating ng order ko kahapon lang ako nag check out nandito na,mabilis dumating yung order ko kahapon lang chineck out nandito na agad
0.9521,ang bilis dumating ng order ko kahapon lang ako nag check out nandito na,dumating na yung order ko kahapon lang ako nag check out ang bilis
0.8774,well packed naka bubble wrap bawat lata kaya sure na walang damage pagdating dito,secured ang packaging naka bubble wrap bawat lata kaya walang damage nung nakuha ko
0.9437,well packed naka bubble wrap bawat lata kaya sure na walang damage pagdating dito,well packed naka bubble wrap ng makapal kaya sure na walang damage pagdating dito
0.8540,well packed naka bubble wrap bawat lata kaya sure na walang damage pagdating dito,okay naman yung packaging balot na balot ng bubble wrap kaya walang damage nung dumating
0.8831,well packed naka bubble wrap bawat lata kaya sure na walang damage pagdating dito,well packaged naka bubble wrap bawat set kaya walang nagkiskisan sa byahe
0.8697,well packed naka bubble wrap bawat lata kaya sure na walang damage pagdating dito,secure ang packaging naka bubble wrap bawat piraso kaya walang damage
0.8946,well packed naka bubble wrap bawat lata kaya sure na walang damage pagdating dito,well packaged naka bubble wrap ng makapal kaya walang damage yung box
0.9257,kulang ng isa yung order ko anim dapat to pero lima lang ang dumating,kulang ng isa yung pinadala nyo anim order ko pero lima lang laman
0.8766,ang taba masyado nung laman halos wala na akong nakain na karne sayang lang,ang taba masyado nung meat halos mantika nalang natira nung pinrito ko kanina
0.8913,sulit ang bundle pack ang laki ng natipid ko kaysa bumili ng tingi sa labas,sulit ang bundle promo ang laki ng natipid ko kaysa bumili ng tingi
0.8828,mabilis dumating yung parcel kahapon ko lang inorder nandito na agad ngayon salamat,mabilis dumating yung parcel kahapon lang inorder nandito na agad sa bahay
0.8923,mabilis dumating yung parcel kahapon ko lang inorder nandito na agad ngayon salamat,mabilis ang delivery kahapon ko lang inorder nandito na agad sa bahay salamat
0.8678,mabilis dumating yung parcel kahapon ko lang inorder nandito na agad ngayon salamat,bilis ng delivery kahapon ko lang inorder tapos nandito na agad ngayon yung parcel ko
0.9665,ang tagal bago nadeliver inabot ng siyam na araw sa sorting center nakakainip,tagal bago dumating inabot ng siyam na araw sa sorting center nakakainip
0.9459,ang tagal bago nadeliver inabot ng siyam na araw sa sorting center nakakainip,tagal bago dumating inabot ng siyam na araw sa sorting center nakakainip maghintay
0.9157,expired na yung item nung chineck ko yung ilalim ng lata nakakadismaya naman,expired na yung product nung chineck ko yung ilalim ng lata grabe naman
0.9500,matagal bago na ship out ni seller pero naintindihan ko naman kasi sale nung nakaraan,tagal bago na ship out ni seller pero naintindihan ko naman kasi sale
0.9591,sulit na sulit ang bundle pack tatlong lata sa murang halaga laking tipid nito,sulit ang bundle pack tatlong piraso sa murang halaga laking tipid nito
0.8788,ang tagal bago nadeliver inabot ng dalawang linggo sa courier bago ko nakuha,ang tagal bago dumating inabot ng dalawang linggo bago ko nakuha
0.9107,ang tagal bago nadeliver inabot ng dalawang linggo sa courier bago ko nakuha,tagal bago dumating ng order ko inabot ng dalawang linggo sa courier
0.8571,ang tagal bago nadeliver inabot ng dalawang linggo sa courier bago ko nakuha,ang bagal ng delivery inabot ng dalawang linggo bago ko nareceive dito
0.8849,ang bilis dumating kahapon lang inorder nandito na agad salamat rider at seller sa uulitin,mabilis dumating yung parcel kahapon lang inorder nandito na agad salamat rider at seller
0.8797,ang bilis dumating kahapon lang inorder nandito na agad salamat rider at seller sa uulitin,ang bilis dumating kahapon lang inorder nandito na agad salamat seller sa mabilis na shipping
0.8991,expired na yung pinadala niyo sana chineck niyo muna bago i-ship out nakakadismaya naman,expired na yung pinadala niyo sana chineck niyo muna bago ibenta
0.9437,expired na yung pinadala niyo sana chineck niyo muna bago i-ship out nakakadismaya naman,expired na yung binigay niyo sakin sana chineck niyo muna bago ship out
0.8652,mabilis dumating at maayos ang packaging walang damage nung nareceive ko salamat seller,mabilis dumating yung order ko well packed at walang leak salamat po seller
0.8728,mabilis dumating at maayos ang packaging walang damage nung nareceive ko salamat seller,okay naman yung packaging walang damage nung dumating at mabilis din naship ni seller
0.9138,mabilis dumating at maayos ang packaging walang damage nung nareceive ko salamat seller,maayos ang packaging at walang sira nung nareceive ko salamat seller
0.8631,mabilis dumating at maayos ang packaging walang damage nung nareceive ko salamat seller,dumating na yung parcel at walang damage salamat sa maayos na packaging seller
0.9895,will order again pag nasira na tong gamit ko ngayon sana may discount na,will order again pag nabasag tong gamit ko ngayon sana may discount na
0.9250,sulit na budol to ang mura lang pero ang ganda ng quality parang branded,sulit na budol to ang mura lang pero quality naman yung item parang branded tignan
0.9030,ang tagal bago na ship out ni seller nainip na ako kakahintay sa frother,tagal bago na ship out ni seller nainip na ako kakahintay sa order
0.8881,ang tagal bago na ship out ni seller nainip na ako kakahintay sa frother,ang tagal bago na ship out ni seller nainip na ako kakahintay sa order ko
0.8823,ang tagal bago na ship out ni seller nainip na ako kakahintay sa frother,tagal bago na ship out ni seller nainip na ako kakahintay sa order ko
0.8749,ang tagal bago na ship out ni seller nainip na ako kakahintay sa frother,matagal bago na ship out ni seller nainip na ako kakahintay sa order
0.9073,responsive si seller pinalitan agad yung defective unit na nareceive ko nung una,responsive si seller pinalitan agad yung defective brush na nareceive ko nung una
0.9120,responsive si seller pinalitan agad yung defective unit na nareceive ko nung una,responsive si seller pinalitan agad yung sira na item na nareceive ko
0.8746,responsive si seller pinalitan agad yung defective unit na nareceive ko nung una,responsive naman si seller at pinalitan agad yung damaged item na nareceive ko
0.9140,responsive si seller pinalitan agad yung defective unit na nareceive ko nung una,very responsive si seller pinalitan agad yung defective item na nareceive ko nung una
0.8821,responsive si seller pinalitan agad yung defective unit na nareceive ko nung una,very responsive si seller pinalitan agad yung defective item na nakuha ko
0.8821,responsive si seller pinalitan agad yung defective unit na nareceive ko nung una,very responsive si seller pinalitan agad yung defective item na nakuha ko
0.9089,kulang yung bilang nung binilang ko 95 pcs lang dapat 100 pcs ang laman,kulang yung bilang nung binilang ko 90 pcs lang dapat 100 pcs
0.8796,kulang yung bilang nung binilang ko 95 pcs lang dapat 100 pcs ang laman,kulang yung bilang na dumating order ko 100 pieces pero 95 lang nabilang ko
0.9007,sulit ang presyo ang dami pala nito matagal ko na tong magagamit sa bahay,sulit sa presyo ang laki ng lata matagal ko na tong magagamit sa bahay
0.8618,mali ang item na nareceive ko ash gray order ko pero golden brown ang dumating,mali ang kulay na nareceive ko black order ko pero silver ang dumating sakin
0.8523,mabilis dumating yung order ko safe na safe walang basag yung garapon salamat shopee,mabilis dumating yung order ko safe na safe walang sira yung mga brushes
0.9111,ang liit pala ng lata akala ko malaki base sa picture sa product description,ang liit pala ng bote akala ko malaki base sa picture sa description
0.8729,ang liit pala ng lata akala ko malaki base sa picture sa product description,akala ko malaki yung bote ang liit lang pala base sa picture description
0.8884,responsive si seller sa chat at nagsend pa ng picture bago i-ship out yung item,very responsive si seller at nagsend ng picture bago iship out yung item
0.8678,nag leak yung laman sa loob ng pouch sayang ang daming natapon na oil,nag leak yung oil sa loob ng pouch ang lagkit tuloy nung plastic
0.8907,walang seal yung bote parang nabuksan na o bawas na yung laman sa loob,sira yung seal ng bote parang nabuksan na o bawas na yung laman
0.8708,fake ata to iba yung kulay nung liquid kumpara sa original na nabibili ko,fake ata to iba yung kulay at amoy kumpara sa original na nabibili ko
0.9150,expired na yung pinadala niyo sana chineck niyo muna bago ibenta sa customer,expired na yung pinadala niyo sana chineck niyo muna bago ibenta
0.8509,will order again pag naubos na tong stock ko effective kasi talaga siya sakin,will definitely order again pag naubos na tong box ko effective kasi
0.8753,will order again pag naubos na tong stock ko effective kasi talaga siya sakin,will order again pag naubos na tong stock ko pang business ko kasi
0.9247,mabilis maubos yung laman parang hangin lang yung nasa loob ng lata sayang pera,mabilis maubos yung laman parang hangin lang yung nasa loob ng lata sayang
0.9403,hindi ko type yung amoy masyadong matamis parang candy nakakahilo pag tumagal,hindi ko type yung scent masyadong matamis parang candy na pambata yung amoy
0.8751,fake ata to iba yung amoy at packaging niya sa original na nabibili ko,fake ata to iba yung kulay at amoy kumpara sa original na nabibili ko
0.9159,fake ata to iba yung amoy at packaging niya sa original na nabibili ko,fake ata to iba yung packaging at amoy kumpara sa original na nabibili
0.8782,satisfied customer here ang ganda ng effect sa buhok ko fresh na fresh tignan,happy customer here ang ganda ng result sa kilikili ko fresh tignan palagi
0.9289,legit na listerine to mas mura dito kaysa sa grocery store sa labas,legit na rexona to mas mura dito kaysa sa grocery store sa labas
0.9655,thank you shopee sa mabilis na delivery kahit nasa probinsya pa ako nakatira,thank you shopee sa mabilis na delivery kahit nasa province pa ako
0.9503,thank you shopee sa mabilis na delivery kahit nasa probinsya pa ako nakatira,thank you shopee sa mabilis na delivery kahit nasa probinsya ako ngayon
0.9824,thank you shopee sa mabilis na delivery kahit nasa probinsya pa ako nakatira,thank you shopee sa mabilis na delivery kahit nasa province pa ako ngayon nakatira
0.9264,stainless steel talaga siya matibay at hindi madaling masira sulit sa presyo,sulit na sulit sa presyo stainless steel talaga siya at matibay ang gawa
0.9294,mabilis dumating yung order at well packed naka bubble wrap pa,mabilis dumating yung order at maayos ang packaging naka bubble wrap lahat
0.8509,mabilis dumating yung order at well packed naka bubble wrap pa,mabilis dumating at well packed naka bubble wrap ng makapal salamat
0.8703,mabilis dumating yung order at well packed naka bubble wrap pa,bilis dumating ng order at secure na secure ang packaging naka bubble wrap
0.8827,mabilis dumating yung order at well packed naka bubble wrap pa,okay naman packaging bubble wrapped at mabilis dumating ang order ko
0.8794,mabilis dumating yung order at well packed naka bubble wrap pa,mabilis dumating ang order at secure ang packaging naka karton pa at bubble wrap
0.8936,mabilis dumating yung order at well packed naka bubble wrap pa,mabilis dumating ang order at naka bubble wrap nang makapal kaya safe ang lata
0.9137,mali ang flavor na nareceive ko lemon order ko pero mint ang dumating,wrong scent yung nareceive ko strawberry order ko pero lemon dumating
0.8588,mali ang flavor na nareceive ko lemon order ko pero mint ang dumating,wrong scent yung pinadala ni seller order ko lemon pero strawberry yung dumating
0.9135,mali yung kulay na pinadala niyo gold order ko pero silver ang dumating sakin,mali ang kulay na nareceive ko black order ko pero silver ang dumating sakin
0.8768,mali yung kulay na pinadala niyo gold order ko pero silver ang dumating sakin,mali yung kulay na pinadala niyo white order ko pero pink ang dumating
0.8518,mali yung kulay na pinadala niyo gold order ko pero silver ang dumating sakin,maling kulay yung pinadala kong backdrop stand order ko black pero silver yung dumating
0.9151,mali yung kulay na pinadala niyo gold order ko pero silver ang dumating sakin,maling kulay yung pinadala order ko silver pero black yung dumating ayusin niyo naman po
0.8736,mali yung kulay na pinadala niyo gold order ko pero silver ang dumating sakin,mali yung kulay na pinadala order ko blue pero red yung dumating sa akin
0.8544,mali yung kulay na pinadala niyo gold order ko pero silver ang dumating sakin,wrong color ang pinadala nyo pink ang order ko blue ang dumating
0.8898,mali yung kulay na pinadala niyo gold order ko pero silver ang dumating sakin,mali yung kulay na pinadala nyo white ang order ko pero blue dumating
0.8515,mali yung kulay na pinadala niyo gold order ko pero silver ang dumating sakin,mali yung color na pinadala niyo cream order ko pero white ang dumating
0.9152,mali yung kulay na pinadala niyo gold order ko pero silver ang dumating sakin,wrong color pinadala niyo silver order ko pero black yung dumating ngayon
0.8539,mali yung kulay na pinadala niyo gold order ko pero silver ang dumating sakin,wrong color yung pinadala nyo white order ko pero black dumating sakin ngayon
0.8741,mali yung kulay na pinadala niyo gold order ko pero silver ang dumating sakin,wrong color yung pinadala niyo order ko black pero dumating sakin ay blue
0.8949,mali yung kulay na pinadala niyo gold order ko pero silver ang dumating sakin,wrong color sent order ko gold pero yellow yung dumating sakin ngayon
0.8852,mali yung kulay na pinadala niyo gold order ko pero silver ang dumating sakin,wrong color yung pinadala niyo pink order ko pero blue ang dumating
0.9036,medyo maliit pala siya sa personal akala ko malaki base sa picture sa description,ang liit pala sa personal akala ko malaki base sa picture sa description
0.9094,medyo maliit pala siya sa personal akala ko malaki base sa picture sa description,maliit lang pala siya sa personal akala ko malaki base sa picture kaya basahin maigi description
0.9396,medyo maliit pala siya sa personal akala ko malaki base sa picture sa description,medyo maliit lang pala sya sa personal akala ko malaki base sa picture
0.9024,medyo maliit pala siya sa personal akala ko malaki base sa picture sa description,maliit lang pala siya sa personal akala ko malaki base sa pic
0.9046,medyo maliit pala siya sa personal akala ko malaki base sa picture sa description,maliit lang pala sya sa personal akala ko malaki base sa pictures
0.9258,thank you po sa maayos na packaging naka box pa para hindi mayupi sa byahe,thank you po sa maayos na packaging naka karton pa para hindi mayupi
0.8540,medyo mahal yung shipping fee mas mahal pa sa sponge na binili ko sa inyo,mahal ng shipping fee mas mahal pa sa deodorant na binili ko sa inyo
0.9083,safe na nakarating yung items walang yupi at walang dumi yung packaging,safe na nakarating yung items walang tapon at maayos ang packaging salamat po
0.8640,parang luma na yung stock may mga gasgas na yung bote nung nareceive,parang luma na yung stock may kalawang na yung gilid ng lata nung nareceive
0.8682,mabilis mag reply si seller sa mga inquiries ko tungkol sa scents nila,mabilis naman mag reply si seller sa mga tanong ko tungkol sa item
0.8736,mabilis dumating yung parcel at walang leak yung mga bote salamat seller sa uulitin,mabilis dumating ang parcel at walang gasgas ang mga kubyertos salamat po
0.8697,secure ang packaging naka bubble wrap bawat isa kaya walang basag nung nakuha ko,secure ang packaging naka bubble wrap bawat piraso kaya walang damage
0.8698,mali yung variant na nareceive ko blue order ko pink ang dumating sakin,wrong color ang pinadala nyo pink ang order ko blue ang dumating
0.8642,maganda yung rgb lights niya maliwanag at synchronize naman sa motherboard ko,ang ganda ng rgb lights synchronize agad sa motherboard ko salamat seller
0.8615,mali yung pinadala niyo na kulay white order ko black ang dumating,mali yung kulay na pinadala nyo white ang order ko pero blue dumating
0.8853,mali yung pinadala niyo na kulay white order ko black ang dumating,wrong color yung pinadala nyo white order ko pero black dumating sakin ngayon
0.8666,mali yung pinadala niyo na kulay white order ko black ang dumating,wrong color yung pinadala niyo order ko black pero dumating sakin ay blue
0.8577,thank you seller sa mabilis na shipping sakto sa maintenance ko ngayon,thank you seller sa mabilis na shipping kahit nasa mindanao pa ako ngayon nakatira
0.8809,thank you seller ang bilis dumating kahapon lang in-order nandito na,ang bilis dumating kahapon lang inorder nandito na agad salamat seller sa mabilis na shipping
0.9183,thank you seller ang bilis dumating kahapon lang in-order nandito na,thank you seller ang bilis ng shipping kahapon ko lang inorder nandito na
0.8837,thank you shoppee sa mabilis na delivery at voucher na nagamit ko,salamat shopee sa mabilis na delivery at sa voucher kaya nakamura ako sa shipping fee
0.8528,thank you shoppee sa mabilis na delivery at voucher na nagamit ko,thank you seller sa mabilis na transaction at sa voucher na nagamit ko kaya nakamura ako sa shipping fee
0.8947,thank you shoppee sa mabilis na delivery at voucher na nagamit ko,thank you po sa mabilis na transaction at sa voucher na nagamit ko
0.9690,thank you shoppee sa mabilis na delivery at voucher na nagamit ko,thank you shopee sa mabilis na delivery at sa voucher na nagamit ko
0.8578,thank you shoppee sa mabilis na delivery at voucher na nagamit ko,thank you shopee sa voucher na nagamit ko kaya free shipping ang order ko
0.8568,medyo natagalan bago na ship out pero worth it naman nung nareceive ko kasi ang ganda ng design,medyo matagal bago naship out pero worth it naman nung nareceive ko na
0.8914,mabilis naman dumating pero yupi yupi yung box buti nalang hindi na damage yung mismong item sa loob,mabilis naman dumating kaso yupi yupi yung box buti hindi na damage yung item sa loob
0.8678,mabilis naman dumating pero yupi yupi yung box buti nalang hindi na damage yung mismong item sa loob,mabilis dumating yung parcel pero yupi yung box buti hindi na damage yung case
0.8654,okay naman yung packaging naka bubble wrap ng maayos kaya safe na nakarating dito sa province,maayos yung packaging naka bubble wrap kaya safe na nakarating dito sa amin sa mindanao
0.8614,ang mura lang pero ang dami na kasama sa isang pack kaya sulit na sulit talaga ito pang reserba,sulit na budol to ang mura lang pero ang dami na laman sa isang pack
0.8831,ang bilis ng delivery ni jnt kahapon ko lang inorder nandito na agad ngayon salamat seller,ang bilis ng delivery kahapon ko lang inorder nandito na agad ngayon salamat sa mabilis na transaction seller
0.8690,ang bilis ng delivery ni jnt kahapon ko lang inorder nandito na agad ngayon salamat seller,thank you seller ang bilis ng shipping kahapon ko lang inorder nandito na
0.9050,responsive naman si seller sa mga tanong ko kaya nakuha ko yung tamang size para sa controller,responsive si seller sa mga tanong ko about sa size kaya tama yung nakuha kong item
0.9208,bibili ulit ako sa shop na ito kasi legit yung items at mabilis mag ship out si seller,bibili ulit ako dito sa shop na to kasi legit yung items at mabait si seller
0.8523,ang bilis dumating ng order ko two days lang nandito na agad sa bahay salamat shopee,mabilis naman dumating yung order within 3 days nandito na agad sa bahay salamat shopee
0.9038,ang bilis dumating ng order ko two days lang nandito na agad sa bahay salamat shopee,mabilis dumating yung order within two days nasa bahay na agad salamat shopee
0.8523,ang bilis dumating ng order ko two days lang nandito na agad sa bahay salamat shopee,ang bilis dumating ng order ko two days lang nasa akin na
0.8728,ang bilis dumating ng order ko two days lang nandito na agad sa bahay salamat shopee,ang bilis dumating ng order ko 2 days lang nasa bahay na agad
0.8722,recommend ko ito sa mga naghahanap ng budget friendly na cable na hindi nagsasakripisyo ng quality,recommend ko to sa mga naghahanap ng spare cable na mura lang pero quality
0.8992,ang bilis ma ship out ni seller at nagsend pa ng picture bago ibigay sa courier,mabilis naman naship out ni seller at nagsend pa ng picture bago ibalot
0.8806,ang bilis ma ship out ni seller at nagsend pa ng picture bago ibigay sa courier,mabilis naship out ni seller at nagsend pa ng picture bago ibalot salamat
0.9308,ang bilis ma ship out ni seller at nagsend pa ng picture bago ibigay sa courier,mabilis na ship out ni seller at nagsend pa ng picture bago balutin
0.8520,mabilis naman yung shipping kaso yupi yupi yung box buti nalang hindi na damage yung mismong item,mabilis naman yung delivery kaso sira yung packaging buti hindi damay yung item
0.8694,mabilis naman yung shipping kaso yupi yupi yung box buti nalang hindi na damage yung mismong item,mabilis naman dumating kaso yupi yupi yung box buti hindi na damage yung item sa loob
0.8675,mabait kausap si seller nagsend muna ng picture bago iship yung item kaya alam kong tama yung order,responsive si seller nagsend ng picture bago iship kaya alam kong tama yung order
0.8559,mabait kausap si seller nagsend muna ng picture bago iship yung item kaya alam kong tama yung order,buti na lang mabilis kausap si seller nag send muna siya ng picture bago ipa ship yung item ko
0.9429,thank you rider sa maingat na pag deliver kahit umuulan nakuha ko pa rin ng maayos,thank you rider sa maingat na pagdala kahit umuulan nakuha ko pa rin ng tuyo
0.8911,thank you rider sa maingat na pag deliver kahit umuulan nakuha ko pa rin ng maayos,thank you rider sa maingat na pag deliver walang damage yung parcel ko kahit umuulan
0.8650,okay naman yung handle may grip kaya hindi madulas hawakan kahit pawisin na yung kamay,maganda yung handle niya may grip kaya hindi madulas kahit basa ang kamay mo
0.8634,thank you shopee sa mabilis na delivery nagamit ko agad sa photoshoot ko nung weekend,thank you shopee sa mabilis na delivery nagamit ko agad sa tournament nung sabado
0.8939,ang bilis ma ship out ni seller kahapon ko lang inorder nandito na agad sa bahay,ang bilis maship ni seller kahapon ko lang inorder nandito na agad ngayon
0.9193,ang bilis ma ship out ni seller kahapon ko lang inorder nandito na agad sa bahay,ang bilis naship ni seller kahapon ko lang inorder nandito na agad
0.9668,ang bilis ma ship out ni seller kahapon ko lang inorder nandito na agad sa bahay,mabilis na ship out ni seller kahapon ko lang inorder nandito na agad ngayon sa bahay
0.8751,ang bilis ma ship out ni seller kahapon ko lang inorder nandito na agad sa bahay,bilis ng shipping ni seller kahapon ko lang binili nasa akin na agad
0.9398,ang bilis ma ship out ni seller kahapon ko lang inorder nandito na agad sa bahay,mabilis na ship out ni seller kahapon ko lang inorder nandito na agad
0.8570,maayos yung packaging naka bubble wrap ng makapal kaya walang damage nung binuksan ko kanina,maganda yung packaging naka bubble wrap ng makapal kaya walang damage yung item
0.8784,maayos yung packaging naka bubble wrap ng makapal kaya walang damage nung binuksan ko kanina,maayos ang packaging naka bubble wrap kaya walang yupi yung box nung nareceive ko
0.8703,maayos yung packaging naka bubble wrap ng makapal kaya walang damage nung binuksan ko kanina,well packaged naka bubble wrap ng makapal kaya walang damage yung box
0.9089,parang laruan lang yung feeling nung plastic na ginamit madaling masira pag hindi iningatan,parang laruan lang yung feeling nung plastic na ginamit sobrang gaan at mukhang madaling masira
0.8703,okay naman yung packaging naka double box pa kaya sure na hindi nayupi sa byahe,okay naman yung packaging naka box pa kaya sure na hindi nayupi sa byahe yung item
0.8995,okay naman yung packaging naka double box pa kaya sure na hindi nayupi sa byahe,ayos naman yung packaging naka box pa kaya sure na hindi nayupi sa byahe
0.8802,maling haba yung pinadala order ko 3 meters pero 1 meter lang yung dumating,wrong variation yung dumating order ko 5 meters pero 3 meters lang yung pinadala niyo
0.8579,sobrang ganda ng packaging naka double box pa at may bubble wrap kaya mint dumating,maganda ang packaging naka box at bubble wrap kaya walang yupi nung dumating
0.9100,ang bilis maship ni seller at nagsend muna ng photos bago ipack thank you,mabilis naship out ni seller at nagsend pa ng picture bago ibalot salamat
0.8552,ang bilis maship ni seller at nagsend muna ng photos bago ipack thank you,thank you seller ang bilis ng transaction at nagsend pa ng picture bago ship out yung order
0.8729,baluktot yung frame hindi lapat sa pader kapag sinabit mo na nakaka bother tignan,hindi pantay yung frame tabingi kapag sinabit mo sa pader nakaka oc tignan
0.9429,hindi sumasagot si seller sa refund request ko puro seen lang nakaka disappoint naman yung service,ayaw mag reply ni seller sa refund request ko puro seen lang nakaka disappoint
0.9681,sulit na sulit yung bundle promo nila limang piraso agad sa murang halaga perfect pang practice,sulit yung bundle promo nila limang pares agad sa murang halaga perfect pang practice
0.8548,thank you rider iningatan mo yung parcel ko walang ka damage damage nung inabot sakin kanina,thank you rider sa maingat na pag deliver walang damage yung parcel ko kahit umuulan
0.8781,thank you rider iningatan mo yung parcel ko walang ka damage damage nung inabot sakin kanina,thank you rider sa maingat na pagdala walang damage yung parcel nung nareceive ko
0.8538,sulit yung presyo compared sa mall price na sobrang mahal same quality lang naman,medyo mahal ang price compared sa quality na parang nabibili lang sa palengke dyan
0.8615,secured na secured yung item balot na balot ng bubble wrap kaya walang damage nung nareceive ko,secure na secure yung item naka bubble wrap at karton kaya walang damage nung nareceive ko kaninang umaga
0.8535,secured na secured yung item balot na balot ng bubble wrap kaya walang damage nung nareceive ko,well packaged yung item naka box at bubble wrap kaya walang damage nung nareceive ko
0.9237,secured na secured yung item balot na balot ng bubble wrap kaya walang damage nung nareceive ko,secured yung item naka bubble wrap ng maayos kaya walang gasgas nung nareceive ko
0.9108,thank you rider iningatan mo yung parcel ko kahit maliit lang siya nakuha ko ng maayos,thank you rider iningatan mo yung parcel ko kahit ang laki nung item
0.8524,thank you seller sa freebie na pick kahit isa lang laking tulong na rin sa akin,thank you seller sa freebie na remover laking tulong nito sa trabaho ko
0.8565,thank you seller sa freebie na pick kahit isa lang laking tulong na rin sa akin,thank you seller sa freebie na kasama kahit maliit na bagay lang nakakatuwa pa rin
0.8683,thank you seller sa freebie na pick kahit isa lang laking tulong na rin sa akin,thank you seller sa freebie na extra sticks laking tulong nito sa akin
0.8673,ang tagal bago naship out ni seller inabot ng isang linggo bago dumating sa akin,ang tagal bago na ship out ni seller inabot ng isang linggo bago gumalaw yung status
0.8802,parang luma na yung stock na binigay may amoy yung box na parang tinago ng matagal,parang luma na yung stock na binigay sakin may amoy bodega yung tela
0.8840,mabilis naman dumating yung order within two days nandito na agad sa bahay,mabilis dumating yung order within two days nasa bahay na agad salamat shopee
0.8851,mabilis naman dumating yung order within two days nandito na agad sa bahay,ang bilis dumating ng order ko 2 days lang nasa bahay na agad
0.9358,ang baho ng amoy goma nung binuksan ko kailangan pa ibilad sa araw,amoy goma nung binuksan ko kailangan pa ibilad sa araw para mawala
0.9358,ang baho ng amoy goma nung binuksan ko kailangan pa ibilad sa araw,amoy goma nung binuksan ko kailangan pa ibilad sa araw para mawala
0.8967,medyo mahal para sa quality niya marami naman mas mura sa divisoria,medyo mahal para sa ganitong quality meron mas mura sa divisoria
0.9072,medyo mahal para sa quality niya marami naman mas mura sa divisoria,mahal masyado para sa quality nya meron mas mura sa divisoria na ganito
0.8565,bilis dumating ng parcel at naka bubble wrap naman nang maayos kaya walang damage yung item,mabilis dumating yung parcel naka bubble wrap pa kaya walang damage nung nareceive ko
0.9334,bilis dumating ng parcel at naka bubble wrap naman nang maayos kaya walang damage yung item,mabilis dumating yung parcel naka bubble wrap kaya walang damage yung item
0.8782,finally dumating na rin yung order ko at walang gasgas thank you so much seller,dumating na rin sa wakas at walang gasgas thank you so much seller
0.9285,secured yung parcel naka box at bubble wrap bawat piraso kaya walang gasgas yung item,secured yung parcel naka box at bubble wrap bawat piraso kaya walang gasgas yung acrylic
0.8587,secured yung parcel naka box at bubble wrap bawat piraso kaya walang gasgas yung item,super secured ang item naka box at bubble wrap kaya walang tapon
0.9137,very accommodating si seller tinulungan niya ako kung anong size ang bagay sa ref ko,very accommodating si seller tinulungan ako kung anong size ang kukunin
0.9263,mabilis naman dumating kaso yupi yupi yung box buti na lang hindi nadamay yung laman sa loob,mabilis naman dumating kaso yupi yupi yung box buti hindi na damage yung item sa loob
0.9515,maganda yung glass makapal siya at hindi mukhang madaling mabasag pag nabagsak nang slight,maganda yung glass makapal at hindi mukhang madaling mabasag pag nabagsak
0.9176,very aesthetic tignan sa kitchen counter lalo na kung mahilig kayo sa minimalist design,very aesthetic tignan sa coffee table lalo na kung mahilig kayo sa minimalist
0.8522,ang bilis ng shipping two days lang nandito na agad yung parcel ko sa bahay,ang bilis dumating ng order ko 2 days lang nasa bahay na agad
0.8867,okay naman siya for the price wag lang mag expect ng sobrang high quality na item,sakto lang sa presyo wag mag expect ng sobrang high quality na item
0.9004,okay naman siya for the price wag lang mag expect ng sobrang high quality na item,okay naman for the price wag lang mag expect ng super high quality
0.8987,mahal masyado para sa quality niya mas okay pa yung mga nabibili sa department store,mahal masyado para sa quality nya mas okay pa yung nabibili sa mall
0.9203,sakto lang sa presyo niya wag na kayo mag expect ng sobrang high quality basta nagana pwede na pagtyagaan,sakto lang sa price niya wag mag expect ng sobrang high quality kasi mura lang naman
0.8928,very responsive si seller at nagsend ng picture bago i ship out kaya sure ako na tama yung item ko,very responsive si seller at nagsend ng picture bago iship out yung item
0.8608,very responsive si seller at nagsend ng picture bago i ship out kaya sure ako na tama yung item ko,very accommodating si seller nag send ng picture bago i ship out yung item
0.8566,very responsive si seller at nagsend ng picture bago i ship out kaya sure ako na tama yung item ko,very accommodating si seller nag send ng pic bago i ship out yung item
0.8617,very responsive si seller at nagsend ng picture bago i ship out kaya sure ako na tama yung item ko,very accomodating si seller nagsend siya ng picture bago iship kaya sure ako na tama yung order ko
0.9018,very responsive si seller at nagsend ng picture bago i ship out kaya sure ako na tama yung item ko,very accomodating si seller nag send ng picture bago ship out kaya sure ako sa item
0.8766,very responsive si seller at nagsend ng picture bago i ship out kaya sure ako na tama yung item ko,very responsive si seller nagsend muna ng picture bago ipa ship yung order ko
0.9277,sakto lang sa presyo wag mag expect ng super high quality na gamit,sakto lang sa presyo wag mag expect ng sobrang high quality na item
0.8846,sakto lang sa presyo wag mag expect ng super high quality na gamit,okay naman for the price wag lang mag expect ng super high quality
0.8537,sakto lang sa presyo wag mag expect ng super high quality na gamit,sakto lang sa presyo wag mag expect ng sobrang high end na performance
0.9002,ang liit pala nito sa personal akala ko malaki base sa pictures nila,ang liit pala nito sa personal akala ko malaki base sa pictures online
0.8812,ang liit pala nito sa personal akala ko malaki base sa pictures nila,medyo maliit lang pala sya sa personal akala ko malaki base sa picture
0.8604,ang liit pala nito sa personal akala ko malaki base sa pictures nila,maliit lang pala siya sa personal akala ko malaki base sa pic
0.9183,ang liit pala nito sa personal akala ko malaki base sa pictures nila,maliit lang pala sya sa personal akala ko malaki base sa pictures
0.8679,ang liit pala nito sa personal akala ko malaki base sa pictures nila,maliit lang pala sya sa personal akala ko malaki base sa pictures online
0.8891,parang luma na yung stock na binigay sakin may mga scratches na,parang luma na yung stock na binigay may mga scratches na sa ilalim
0.9250,mabilis naship out ni seller at kumpleto ang items na natanggap ko,mabilis naship ni seller at kumpleto ang items na natanggap ko kahapon lang
0.8605,mabilis naship out ni seller at kumpleto ang items na natanggap ko,mabilis na ship out ni seller at kumpleto naman yung bilang ng order ko
0.9309,disappointing kasi iba yung kulay na dumating black order ko pero silver ito,disappointed ako kasi iba yung kulay na dumating silver order ko pero gold ito
0.9307,arrived in good condition at walang gasgas salamat sa maingat na rider nyo,arrived in good condition at walang gasgas salamat sa rider na naghatid
0.8870,ang ganda ng marble design nya mukhang mamahalin kahit mura lang ang presyo,love the marble design mukhang mamahalin kahit mura lang ang bili ko dito
0.8690,mabilis dumating at kumpleto ang set na inorder ko salamat po seller,arrived in good condition at kumpleto ang set na inorder ko salamat seller
0.8714,sulit ang presyo mura lang pero mukhang matibay at tatagal ng taon to,sulit sa presyo mukhang matibay naman at tatagal ng ilang taon
0.8969,maayos ang packaging naka box at bubble wrap kaya walang gasgas yung hooks,maganda ang packaging naka box at bubble wrap kaya walang yupi nung dumating
0.8569,maayos ang packaging naka box at bubble wrap kaya walang gasgas yung hooks,maayos ang packaging naka bubble wrap kaya walang yupi yung box nung nareceive ko
0.8715,maayos ang packaging naka box at bubble wrap kaya walang gasgas yung hooks,safe na safe yung packaging naka balot ng karton at bubble wrap kaya walang gasgas
0.9192,maayos ang packaging naka box at bubble wrap kaya walang gasgas yung hooks,good packaging naka box at bubble wrap kaya hindi nayupi yung lata
0.9645,mabilis naship out ni seller at walang damage nung nareceive ko kahapon,mabilis naship ni seller at walang damage nung nareceive ko kahapon ng umaga
0.9243,wrong color sent black ang order ko pero white ang dumating sakin ngayon,wrong color pinadala niyo silver order ko pero black yung dumating ngayon
0.9589,wrong color sent black ang order ko pero white ang dumating sakin ngayon,wrong color yung pinadala nyo white order ko pero black dumating sakin ngayon
0.9018,wrong color sent black ang order ko pero white ang dumating sakin ngayon,wrong color yung pinadala niyo order ko black pero dumating sakin ay blue
0.9511,wrong color sent black ang order ko pero white ang dumating sakin ngayon,wrong color sent order ko black pero gray yung dumating sakin ngayon
0.8890,wrong color sent black ang order ko pero white ang dumating sakin ngayon,wrong color sent order ko gold pero yellow yung dumating sakin ngayon
0.9371,wrong color sent black ang order ko pero white ang dumating sakin ngayon,wrong color sent beige yung order ko pero black yung dumating sakin ngayon
0.8586,wrong color sent black ang order ko pero white ang dumating sakin ngayon,wrong color sent nag request ako ng gray pero black pa rin ang dumating
0.8593,sulit na budol to ang dami na sa isang pack mura pa ang presyo,sakto lang sa presyo marami na yung laman sa isang pack
0.8947,sulit na budol to ang dami na sa isang pack mura pa ang presyo,sulit na sulit sa presyo ang dami na palang laman sa isang pack nito
0.8670,ang ganda ng quality makapal at mukhang tatagal ng ilang taon sa akin,maganda ang quality makapal at mukhang tatagal naman ng ilang buwan sa amin to
0.8864,ang ganda ng quality makapal at mukhang tatagal ng ilang taon sa akin,maganda yung quality mukhang matibay at tatagal ng ilang taon na gamitan
0.9304,ang tagal bago naship yung order ko inabot ng siyam siyam bago dumating,tagal bago naship yung order inabot ng siyam siyam bago dumating dito
0.8577,mabilis dumating at kumpleto ang accessories na kasama sa box nung binuksan ko,mabilis dumating ang parcel at kumpleto ang screws na kasama sa pack nung binuksan
0.8975,sulit na sulit ang bayad ko ang kapal ng tela at matibay tignan,sulit na sulit yung bayad ko ang kapal ng rubber at matibay tignan
0.8559,walang amoy sayang lang pera ko parang tubig lang na may kulay,sayang lang pera ko dito parang tubig lang yung laman walang kaamoy amoy
0.8685,highly recommended tong shop na to legit na mabango ang products nila,highly recommended tong shop na to legit na maganda ang quality ng linens nila
0.9096,thank you sa mabilis na shipping seller nakaabot sa birthday ng friend ko,thank you seller ang bilis ng shipping umabot sa birthday ng anak ko bukas
0.9163,pwede na sa presyo nya wag lang mag expect ng high end features,pwede na sa presyo niya wag lang mag expect ng high end performance
0.8913,wrong item received iba yung design na dumating sa akin kesa sa inorder ko,maling item yung dumating sakin iba yung model na nareceive ko kumpara sa inorder ko
0.8883,thank you shopee sa free shipping voucher kaya nakatipid ako sa delivery fee,thank you shopee sa voucher laking tipid sa shipping fee ng order ko
0.8658,thank you shopee sa free shipping voucher kaya nakatipid ako sa delivery fee,thank you shopee sa voucher laking tipid sa shipping fee ng order ko ngayon
0.9022,thank you shopee sa free shipping voucher kaya nakatipid ako sa delivery fee,thank you shopee sa voucher free shipping pa ang nakuha ko sa order
0.8790,thank you shopee sa free shipping voucher kaya nakatipid ako sa delivery fee,thank you shopee sa free shipping voucher laking tipid sa delivery fee nito ngayon
0.8741,thank you shopee sa free shipping voucher kaya nakatipid ako sa delivery fee,thank you shopee sa voucher laking tipid sa shipping fee nung umorder ako
0.8741,thank you shopee sa free shipping voucher kaya nakatipid ako sa delivery fee,thank you shopee sa voucher laking tipid sa shipping fee nung umorder ako
0.8663,thank you shopee sa free shipping voucher kaya nakatipid ako sa delivery fee,thank you shopee sa voucher laking tipid ko sa shipping fee nung umorder
0.8731,disconnect nang disconnect sa wifi nakakainis lang gamitin kailangan pa i reset,disconnect nang disconnect sa wifi nakaka bwisit lang gamitin minsan
0.8630,maayos ang item at mabilis dumating salamat sa mabait na seller,thank you seller sa mabilis na transaction at sa maayos na item na pinadala
0.8519,sulit na sulit ang bayad ko ang dami pala sa isang pack nito,sulit na sulit sa presyo ang dami na palang laman sa isang pack nito
0.9376,wrong color yung pinadala ni seller order ko gray pero dumating sakin is blue nakaka sad lang ng slight,wrong color yung pinadala ni seller order ko black pero dumating sakin ay kulay green
0.8678,wrong color yung pinadala ni seller order ko gray pero dumating sakin is blue nakaka sad lang ng slight,wrong color yung pinadala niyo order ko black pero dumating sakin ay blue
0.8575,wrong color yung pinadala ni seller order ko gray pero dumating sakin is blue nakaka sad lang ng slight,wrong color yung pinadala niyo pink order ko pero blue ang dumating
0.8894,sakto lang siya sa price niya wag mag expect ng sobrang ganda kasi mura lang naman yung binayaran niyo,sakto lang sa price niya wag mag expect ng sobrang high quality kasi mura lang naman
0.9056,received the item in good condition naka bubble wrap naman kaya walang damage nung dumating dito sa office namin,item received in good condition naka bubble wrap naman kaya walang damage nung dumating
0.9068,received the item in good condition naka bubble wrap naman kaya walang damage nung dumating dito sa office namin,item received in good condition naka bubble wrap naman kaya walang damage nung dumating sakin
0.8727,received the item in good condition naka bubble wrap naman kaya walang damage nung dumating dito sa office namin,item received in good condition naka bubble wrap naman kaya walang damage
0.8702,nadurog yung box pagdating sakin pero okay lang naman kasi tela naman yung laman kaya hindi nasira,yupi yung box nung dumating pero okay lang kasi hindi naman damage item
0.8805,okay naman siya kaso ang tagal bago na ship out ni seller inabot ng one week bago gumalaw,ang tagal bago na ship out ni seller inabot ng isang linggo bago gumalaw yung status
0.9095,okay naman siya kaso ang tagal bago na ship out ni seller inabot ng one week bago gumalaw,okay naman sana kaso ang tagal bago na ship out ni seller inabot ng week
0.8618,maganda yung quality ng leather mukhang matibay at tatagal kahit palagi ko siyang ginagamit sa mga biyahe,ang ganda ng quality mukhang matibay at tatagal kahit na madalas gamitin sa byahe
0.8884,kulang yung pinadalang item ni seller dalawa yung order ko pero isa lang yung laman ng parcel,kulang yung pinadala ni seller pair yung order ko pero isa lang ang dumating na piraso
0.8722,mabilis dumating yung item 2 days lang nasa akin na agad tamang tama sa flight ko bukas,mabilis dumating yung parcel 2 days lang nasa akin na agad yung item
0.8719,matagal bago dumating yung parcel inabot ng dalawang linggo bago ko nareceive dito sa mindanao,sobrang tagal ng delivery inabot ng dalawang linggo bago ko nareceive yung item dito
0.9306,matagal bago dumating yung parcel inabot ng dalawang linggo bago ko nareceive dito sa mindanao,matagal dumating yung parcel inabot ng dalawang linggo bago ko nareceive
0.8610,matagal bago dumating yung parcel inabot ng dalawang linggo bago ko nareceive dito sa mindanao,ang bagal ng delivery inabot ng dalawang linggo bago ko nareceive dito
0.8808,thank you seller very responsive sa chat at nagsend muna ng picture bago ipa ship yung order,thank you seller ang bilis ng transaction at nagsend pa ng picture bago ship out yung order
0.8620,wrong item received ibang klase ng tali yung pinadala ni seller hindi paracord ang dumating,wrong item received iba yung brand na pinadala ni seller nakaka disappoint
0.8775,ang tagal bago na ship out ni seller inabot ng limang araw bago gumalaw yung status,ang tagal bago na ship out ni seller inabot ng isang linggo bago gumalaw yung status
0.8707,ang tagal bago na ship out ni seller inabot ng limang araw bago gumalaw yung status,matagal bago na ship out inabot ng limang araw bago gumalaw status
0.9285,ang tagal bago na ship out ni seller inabot ng limang araw bago gumalaw yung status,matagal bago na ship out ni seller inabot ng limang araw bago gumalaw
0.9610,sira yung packaging nung dumating punit na yung plastic buti hindi nadumihan yung tali,basag yung packaging nung dumating punit na yung plastic buti hindi nadumihan
0.9736,sira yung packaging nung dumating punit na yung plastic buti hindi nadumihan yung tali,sira yung packaging nung dumating punit yung plastic buti hindi nadumihan
0.9620,sira yung packaging nung dumating punit na yung plastic buti hindi nadumihan yung tali,sira yung packaging nung dumating punit na yung plastic buti hindi gasgas
0.8622,will order again ibang kulay naman ang ganda kasi ng quality at mura pa,will order again ang ganda ng quality at ang daming colors na pwedeng pagpilian
0.8643,thank you shopee sa voucher nakuha ko to ng sobrang mura laking tipid sa budget,thank you shopee sa voucher nakuha ko to ng mas mura kaysa sa mall price
0.8585,thank you shopee sa voucher nakuha ko to ng sobrang mura laking tipid sa budget,thank you shopee sa voucher laking tipid sa shipping fee nung umorder ako
0.8585,thank you shopee sa voucher nakuha ko to ng sobrang mura laking tipid sa budget,thank you shopee sa voucher laking tipid sa shipping fee nung umorder ako
0.8972,thank you shopee sa voucher nakuha ko to ng sobrang mura laking tipid sa budget,thank you shopee sa voucher nakuha ko to ng halos libre na lang
0.8854,thank you shopee sa voucher nakuha ko to ng sobrang mura laking tipid sa budget,salamat shopee sa voucher nakuha ko to ng halos libre na lang
0.8600,disappointed ako sa kulay order ko pink pero dumating sakin ay kulay blue na maputla,received wrong color order ko white pero pink yung dumating nakaka disappoint
0.8583,disappointed ako sa kulay order ko pink pero dumating sakin ay kulay blue na maputla,wrong color yung pinadala niyo pink order ko pero blue ang dumating
0.9602,thank you seller ang bilis ng shipping 2 days lang nasa akin na agad yung carrier,thank you seller ang bilis ng delivery 2 days lang nasa akin na
0.8999,mabilis dumating yung order ko well packaged at walang damage yung item thank you shopee,mabilis dumating yung order ko well packaged at walang damage yung item
0.8999,mabilis dumating yung order ko well packaged at walang damage yung item thank you shopee,mabilis dumating yung order ko well packaged at walang damage yung item
0.9072,item shipped immediately thank you kay kuya rider na naghatid kahit gabi na safe nareceive,item shipped immediately thank you kay kuya rider na naghatid kahit umuulan ng malakas
0.9565,item shipped immediately thank you kay kuya rider na naghatid kahit gabi na safe nareceive,item shipped immediately thank you kay kuya rider na naghatid kahit gabi na
0.9573,item shipped immediately thank you kay kuya rider na naghatid kahit gabi na safe nareceive,item shipped immediately thank you kay kuya rider na naghatid kahit gabi
0.9573,item shipped immediately thank you kay kuya rider na naghatid kahit gabi na safe nareceive,item shipped immediately thank you kay kuya rider na naghatid kahit gabi
0.9565,item shipped immediately thank you kay kuya rider na naghatid kahit gabi na safe nareceive,item shipped immediately thank you kay kuya rider na naghatid kahit gabi na
0.9154,item shipped immediately thank you kay kuya rider na naghatid kahit gabi na safe nareceive,item shipped immediately thank you kay kuya rider na naghatid ng maayos
0.9573,item shipped immediately thank you kay kuya rider na naghatid kahit gabi na safe nareceive,item shipped immediately thank you kay kuya rider na naghatid kahit gabi
0.8611,nice product will buy again ibang kulay naman para may kapalitan ako pag nadumihan,will buy again ibang kulay naman para may kapalitan ako pag nadumihan
0.8729,wrong color sent nag request ako ng red pero black yung dumating sana nag chat muna,wrong color sent nag request ako ng gray pero black pa rin ang dumating
0.8505,amoy luma yung rubber na ginamit parang na stock ng matagal sa bodega yung item,amoy luma yung rubber na ginamit parang stock na ng ilang taon
0.9089,dumating na yung parcel ko today kumpleto naman lahat ng colors na inorder ko sa shop,dumating na yung parcel today complete naman lahat ng colors na gusto ko
0.8836,dumating na yung parcel ko today kumpleto naman lahat ng colors na inorder ko sa shop,dumating na yung parcel kahapon kumpleto naman lahat ng order ko sa shop
0.8641,sulit ang bayad dito ang mura pero tatlong piraso na yung nakuha ko sa promo,sulit na budol to ang mura pero tatlong piraso na yung nakuha ko
0.9603,matagal bago na ship out inabot ng five days bago gumalaw yung status niya,matagal bago na ship out inabot ng limang araw bago gumalaw status
0.8602,ang cute ng design bagay na bagay sa phone case ko na plain lang,love the design ang cute nung phone case bagay sa personality ko talaga
0.8817,mabilis dumating yung parcel pero yupi yung box buti buo pa yung item,mabilis dumating yung parcel pero yupi yung box ng gatas ni baby
0.8503,love it ang bilis ma ship out ni seller at nagsend pa ng photo,mabilis na ship out ni seller at nagsend pa ng picture bago balutin
0.9178,very accommodating seller pinalitan nila agad yung defective item na nareceive ko,very accommodating seller pinalitan agad yung damaged item na nakuha ko nung una
0.8694,very accommodating seller pinalitan nila agad yung defective item na nareceive ko,very responsive si seller pinalitan agad yung defective item na nakuha ko
0.8694,very accommodating seller pinalitan nila agad yung defective item na nareceive ko,very responsive si seller pinalitan agad yung defective item na nakuha ko
0.8661,matagal bago na ship out inabot ng one week bago gumalaw status,matagal bago na ship out inabot ng limang araw bago gumalaw status
0.9566,matagal bago na ship out inabot ng one week bago gumalaw status,ang tagal bago na ship out inabot ng one week bago gumalaw status
0.8840,sulit ang bili ko dito ang mura kumpara sa mall price na mahal,mahal masyado yung presyo pero mas mura dito kaysa sa mall price
0.9500,sulit na budol ang dami ng laman sa isang pack matagal maubos,sulit na budol to ang daming laman sa isang pack matagal maubos
0.9624,thank you seller sa freebie na cable tie gamit na gamit ko ngayon,thank you seller sa freebie na cable tie gamit na gamit ko to
0.8718,mabilis dumating yung parcel safe na safe yung item walang leak,mabilis dumating yung parcel safe na safe yung item naka bubble wrap pa
0.8613,wrong item received order ko pink pero blue yung dumating na packaging,wrong color yung pinadala niyo pink order ko pero blue ang dumating
0.8834,mabilis na ship out ni seller at kumpleto naman yung designs na order,mabilis na ship out ni seller at kumpleto naman yung bilang ng order ko
0.8779,sulit sa presyo tatlong piraso na yung nakuha ko sa murang halaga,sulit na sulit sa presyo tatlong piraso na yung nakuha ko sa promo
0.8852,mabilis dumating yung order safe naman at walang damage yung item,mabilis dumating yung order ko well packaged at walang damage yung item
0.8852,mabilis dumating yung order safe naman at walang damage yung item,mabilis dumating yung order ko well packaged at walang damage yung item
0.8745,will buy again sa shop na to kasi mura lang at good quality naman,will buy again sa shop na to mura lang kasi ang paninda nila
0.8993,thank you seller sa mabilis na transaction nakuha ko agad bago mag birthday,thank you seller sa mabilis na transaction nakuha ko agad bago mag summer
0.8987,thank you seller sa mabilis na transaction nakuha ko agad bago mag birthday,thank you seller sa mabilis na transaction nakuha ko agad bago maubusan stock
0.8798,thank you shopee sa free shipping voucher laking tipid ko sa party needs,thank you shopee sa free shipping voucher laking tipid ko sa car accessories
